use GroupProject;

-- admins
INSERT INTO users (user_id, role, is_banned, is_disabled) VALUES
      (1, 'A', false, false),
      (2, 'A', false, false),
      (3, 'A', false, false),
      (4, 'A', false, false),
      (5, 'A', false, false),
      (6, 'A', false, false);

-- users and coaches
INSERT INTO users (user_id, role, is_banned, is_disabled) VALUES
      (7, 'U', false, false),
      (8, 'U', false, false),
      (9, 'U', false, false),
      (10, 'U', false, false),
      (11, 'U', false, false),
      (12, 'U', false, false),
      (13, 'U', false, false),
      (14, 'U', false, false),
      (15, 'U', false, false),
      (16, 'C', false, false),
      (17, 'U', false, false),
      (18, 'U', false, false),
      (19, 'U', false, false),
      (20, 'U', false, false),
      (21, 'U', false, false),
      (22, 'U', false, false),
      (23, 'U', false, false),
      (24, 'U', false, false),
      (25, 'U', false, false),
      (26, 'U', false, false),
      (27, 'C', false, false),
      (28, 'C', false, false),
      (29, 'U', false, false),
      (30, 'U', false, false),
      (31, 'U', false, false),
      (32, 'U', false, false),
      (33, 'U', false, false),
      (34, 'U', false, false),
      (35, 'U', false, false),
      (36, 'U', false, false),
      (37, 'U', false, false),
      (38, 'C', false, false),
      (39, 'U', false, false),
      (40, 'U', false, false),
      (41, 'U', false, false),
      (42, 'U', false, false),
      (43, 'U', false, false),
      (44, 'C', false, false),
      (45, 'U', false, false),
      (46, 'U', false, false),
      (47, 'U', false, false),
      (48, 'U', false, false),
      (49, 'U', false, false),
      (50, 'U', false, false),
      (51, 'U', false, false),
      (52, 'U', false, false),
      (53, 'U', false, false),
      (54, 'U', false, false),
      (55, 'U', false, false),
      (56, 'C', false, false),
      (57, 'U', false, false),
      (58, 'U', false, false),
      (59, 'U', false, false),
      (60, 'U', false, false),
      (61, 'U', false, false),
      (62, 'U', false, false),
      (63, 'U', false, false),
      (64, 'U', false, false),
      (65, 'U', false, false),
      (66, 'U', false, false),
      (67, 'U', false, false),
      (68, 'U', false, false),
      (69, 'U', false, false),
      (70, 'U', false, false),
      (71, 'U', false, false),
      (72, 'U', false, false),
      (73, 'U', false, false),
      (74, 'U', false, false),
      (75, 'U', false, false),
      (76, 'C', false, false),
      (77, 'U', false, false),
      (78, 'U', false, false),
      (79, 'U', false, false),
      (80, 'C', false, false),
      (81, 'U', false, false),
      (82, 'C', false, false),
      (83, 'U', false, false),
      (84, 'U', false, false),
      (85, 'U', false, false),
      (86, 'C', false, false),
      (87, 'U', false, false),
      (88, 'U', false, false),
      (89, 'U', false, false),
      (90, 'U', false, false),
      (91, 'C', false, false),
      (92, 'U', false, false),
      (93, 'U', false, false),
      (94, 'U', false, false),
      (95, 'C', false, false),
      (96, 'U', false, false),
      (97, 'U', false, false),
      (98, 'U', false, false),
      (99, 'U', false, false),
      (100, 'U', false, false),
      (101, 'U', false, false),
      (102, 'U', false, false),
      (103, 'U', false, false),
      (104, 'U', false, false),
      (105, 'U', false, false),
      (106, 'U', false, false),
      (107, 'U', false, false),
      (108, 'U', false, false),
      (109, 'U', false, false),
      (110, 'U', false, false),
      (111, 'U', false, false),
      (112, 'U', false, false),
      (113, 'U', false, false),
      (114, 'C', false, false),
      (115, 'U', false, false),
      (116, 'U', false, false),
      (117, 'U', false, false),
      (118, 'U', false, false),
      (119, 'U', false, false),
      (120, 'U', false, false),
      (121, 'U', false, false),
      (122, 'U', false, false),
      (123, 'U', false, false),
      (124, 'U', false, false),
      (125, 'U', false, false),
      (126, 'U', false, false),
      (127, 'C', false, false),
      (128, 'U', false, false),
      (129, 'U', false, false),
      (130, 'U', false, false),
      (131, 'U', false, false),
      (132, 'U', false, false),
      (133, 'U', false, false),
      (134, 'U', false, false),
      (135, 'U', false, false),
      (136, 'U', false, false),
      (137, 'U', false, false),
      (138, 'U', false, false),
      (139, 'U', false, false),
      (140, 'U', false, false),
      (141, 'U', false, false),
      (142, 'U', false, false),
      (143, 'U', false, false),
      (144, 'U', false, false),
      (145, 'U', false, false),
      (146, 'U', false, false),
      (147, 'C', false, false),
      (148, 'U', false, false),
      (149, 'U', false, false),
      (150, 'U', false, false),
      (151, 'U', false, false),
      (152, 'U', false, false),
      (153, 'U', false, false),
      (154, 'U', false, false),
      (155, 'U', false, false),
      (156, 'U', false, false),
      (157, 'U', false, false),
      (158, 'U', false, false),
      (159, 'U', false, false),
      (160, 'U', false, false),
      (161, 'U', false, false),
      (162, 'U', false, false),
      (163, 'U', false, false),
      (164, 'U', false, false),
      (165, 'U', false, false),
      (166, 'U', false, false),
      (167, 'C', false, false),
      (168, 'C', false, false),
      (169, 'U', false, false),
      (170, 'U', false, false),
      (171, 'U', false, false),
      (172, 'C', false, false),
      (173, 'U', false, false),
      (174, 'U', false, false),
      (175, 'U', false, false),
      (176, 'U', false, false),
      (177, 'U', false, false),
      (178, 'C', false, false),
      (179, 'U', false, false),
      (180, 'U', false, false),
      (181, 'U', false, false),
      (182, 'U', false, false),
      (183, 'U', false, false),
      (184, 'U', false, false),
      (185, 'U', false, false),
      (186, 'U', false, false),
      (187, 'U', false, false),
      (188, 'C', false, false),
      (189, 'U', false, false),
      (190, 'U', false, false),
      (191, 'U', false, false),
      (192, 'U', false, false),
      (193, 'U', false, false),
      (194, 'U', false, false),
      (195, 'U', false, false),
      (196, 'U', false, false),
      (197, 'C', false, false),
      (198, 'U', false, false),
      (199, 'U', false, false),
      (200, 'C', false, false);


-- admin accounts
INSERT INTO User_login (username, password_hash, user_id) VALUES
      ('Manny', 'scrypt:32768:8:1$NADsSJJvA8RlewqQ$4de5dd911c57da247018f634358305c9433dc24b86622e700760be212b154a4ac3bad040c43bd4a7dc06366dfb96842a86e2972a60d4e48896284d22c482e5a2', 1),
      ('Dylan', 'scrypt:32768:8:1$NADsSJJvA8RlewqQ$4de5dd911c57da247018f634358305c9433dc24b86622e700760be212b154a4ac3bad040c43bd4a7dc06366dfb96842a86e2972a60d4e48896284d22c482e5a2', 2),
      ('Takaaki', 'scrypt:32768:8:1$NADsSJJvA8RlewqQ$4de5dd911c57da247018f634358305c9433dc24b86622e700760be212b154a4ac3bad040c43bd4a7dc06366dfb96842a86e2972a60d4e48896284d22c482e5a2', 3),
      ('Alexis', 'scrypt:32768:8:1$NADsSJJvA8RlewqQ$4de5dd911c57da247018f634358305c9433dc24b86622e700760be212b154a4ac3bad040c43bd4a7dc06366dfb96842a86e2972a60d4e48896284d22c482e5a2', 4),
      ('Eric', 'scrypt:32768:8:1$NADsSJJvA8RlewqQ$4de5dd911c57da247018f634358305c9433dc24b86622e700760be212b154a4ac3bad040c43bd4a7dc06366dfb96842a86e2972a60d4e48896284d22c482e5a2', 5),
      ('Jeremiah', 'scrypt:32768:8:1$NADsSJJvA8RlewqQ$4de5dd911c57da247018f634358305c9433dc24b86622e700760be212b154a4ac3bad040c43bd4a7dc06366dfb96842a86e2972a60d4e48896284d22c482e5a2', 6);
-- user counts
INSERT INTO User_login (username, password_hash, user_id) VALUES
      ('MockUser', 'scrypt:32768:8:1$NADsSJJvA8RlewqQ$4de5dd911c57da247018f634358305c9433dc24b86622e700760be212b154a4ac3bad040c43bd4a7dc06366dfb96842a86e2972a60d4e48896284d22c482e5a2', 7),
      ('cbrennen7', '$2a$04$wwKje5jCK4vtALbarJAb7entM0pkau0UWISPsVXhOHb.lYOdEtK9a', 8),
      ('nsears8', '$2a$04$GQR5SfzE6M6T.7a.uqjrIuf.i.BJP6jjqv19SyQV785x33FhJD8AG', 9),
      ('alarmett9', '$2a$04$qLKmiFH8yyrE216.dNomeelhyGD15ISDCs1bRNh5I02gQwAQclCde', 10),
      ('dbysoutha', '$2a$04$QV7xVAfq/RhOeHlr2CU5huia/Uk6Zhl0OF85lcwyRuOQ1QosKs5LS', 11),
      ('wwitheringtonb', '$2a$04$ftZMMCE7QjEIESevBP.DWe2hQDrzjhuW/4x7JjpC3H0U2qgivWlPO', 12),
      ('pcossonsc', '$2a$04$o2M0o9JkpkhTw7//S.kWOutJ0mhna9K89JWynrd01Icv5YeJ8akxm', 13),
      ('ahyded', '$2a$04$9TGjnTBEogwuidyZi7.CNOjqDaHqSYnaPxg8vwnLoCVOrgjyY/wU6', 14),
      ('stollertone', '$2a$04$6ja8vSijNK938t/mT9.GGe.nsfVY4S9a4Ti49.Go.SYnm4hVnP5xS', 15),
      ('MockCoach', 'scrypt:32768:8:1$NADsSJJvA8RlewqQ$4de5dd911c57da247018f634358305c9433dc24b86622e700760be212b154a4ac3bad040c43bd4a7dc06366dfb96842a86e2972a60d4e48896284d22c482e5a2', 16),
      ('iliversidgeg', '$2a$04$/YDW4Q8ObqlXA1UUARU2yeEWsg.7ManOpTSByL1U1rCeSuXY5mpjW', 17),
      ('fgallonh', '$2a$04$nTS5LNG2oTe6eWGQSxe2me.bLQMJ.m50P4GvPoTZmreNC1kuHTdyW', 18),
      ('tmacgalli', '$2a$04$l0yZy1PhR/WkWVBPIssYpuoDisBWZwsXUHHNxXgUHgN4OfVLZ6maO', 19),
      ('gsanhamj', '$2a$04$RS55NrzxACtZSto2qZysX.6ibLJRtr7iHwQWxXIgiZpMHpCWC.9a2', 20),
      ('jtedmank', '$2a$04$Ffs2VGcjb4.Vc8KC8m3FOONyEca4dVFu5OJ5zKqZLuO7FRZ.3Vs6C', 21),
      ('ochuggl', '$2a$04$T45moNMZEhV8T.bnoDwMrOaXMpUb0cLT9sogxeBNDaJYE0Y4A0yrO', 22),
      ('sloydm', '$2a$04$/lGV1Sr/8fkjaZdeqNpEPOA7Rfrr3YWPbbbga2EPh6yZ.226taqS2', 23),
      ('fbassn', '$2a$04$oyJcwdH5mCG2lvZ2Feyp0uu57GCKIH2ncs2OgfLl8wfVBHfBB5TRW', 24),
      ('sgouchero', '$2a$04$G0MmGOJiBVgmbdasP9hcfu63WG1PafOE1jEY4WjP2ian19bZ8hoyK', 25),
      ('adowzellp', '$2a$04$ESPGxEFyFzloRIP3VFcif.4DIp8GgCCXOk7fvUkhAjePdCIMfNqnK', 26),
      ('ghebblewhiteq', '$2a$04$db2zCytb6Bn7TrgmtC/vZerGPEGUkQpBSe90zXsQUJBxKCLlwXaRm', 27),
      ('mkindlesider', '$2a$04$D.T7GnFYqY.gD4JyFBAkxO4UZsjhea5xeiERT2sGJfrEv4vFIagSe', 28),
      ('vkwieteks', '$2a$04$3QZ8F.ify7HqM1gmvLh6sOrY4yHb5D5yz2PsKD.yN/XWdNj.VVNIW', 29),
      ('abodet', '$2a$04$5HkD2h7ryqgbNyC9lYYZwuDSZE5UJ/bGjzaBc/oXAU5yU5ku/AGt6', 30),
      ('gnearsu', '$2a$04$sO7RSO..xOTo7x1v4b.ncOAZ1R./uGe/E8VufodnBmivixJ5RZ0Xa', 31),
      ('bvanveldev', '$2a$04$LQgcb4IBH1dDzS7Y8mKd0OgomAmteQJU7SQHUL7wwa5848QDS.6VC', 32),
      ('dkhilkovw', '$2a$04$fnOkRaT6Psj2DMofBRsp5.csVE0j3jQF9/NnkXlEcD9UKe1OQQnY2', 33),
      ('ustonhamx', '$2a$04$IL8jpem2GulwurbYYSbdNes2WYeMBRNlTsTV0U96rCcaxAI0WPUfy', 34),
      ('slavalliny', '$2a$04$Xk2d1ABzdw9eTLNiyidKJe1de/4C.xCyyRcvDZQUmdqJvDw5D3y6.', 35),
      ('lsheepyz', '$2a$04$XRffYP4fp0hkceAwB4N3vOxuEhX.UIGjHfPCmPm5Med25EckYGBFq', 36),
      ('lspringett10', '$2a$04$funpVZoFsPu0XKCfYDmlf.rdbQWmTOhGcZuSLIuxIxR4csB0EpnBO', 37),
      ('bbradden11', '$2a$04$ZGly71yyeRsYRibICGPGZ.5SiGvXZVNOuJD3iNuDfLD.04sexNohK', 38),
      ('mmingus12', '$2a$04$Z54RrTFnYaj7wCDlA6xdBOLMgqhM2NPHOvDFByVZ6NNENIgffyTKW', 39),
      ('eeliasen13', '$2a$04$npb4EbnjebGUtJON9TeK4eqdMbxo2FzjG.5bhCdztDsmNeUnenv8K', 40),
      ('akave14', '$2a$04$Kw59N2JbYsRCwS2blW9ka.ypCdONjI8uoPFnV.UmPZ/fQyuDVoI4G', 41),
      ('psnodin15', '$2a$04$f7V6Sw0.P5NZRvw8C3b2QOSs21S4VgkS3EcxqE36MLjYqyRHQyZMe', 42),
      ('jsaward16', '$2a$04$p/S4x/oNBXmfe9cts4fa/eSoSrC6g78MyTol8054dTYmairOn.d4C', 43),
      ('fbranthwaite17', '$2a$04$28qw1DNXgxsrT6ogYpUfcO93tYS9RX6wi0jR3f7tNxNGbTct/Tk3u', 44),
      ('awoodall18', '$2a$04$mxSCBGxA774Zhuo81uj6xuFShElNQxgL21LOSf.2KwNvIz0/ROTF6', 45),
      ('awolseley19', '$2a$04$/oKdSgzORFMkuAyjC2nDz..ynWKKsRDaHkXSsD0wZlSkGIvRQIFJa', 46),
      ('cograda1a', '$2a$04$gRBDskGT7J9nwBcCx4sqZurNiCmfNGRMaT8JLtLww699TIZH8A.sG', 47),
      ('cvaulkhard1b', '$2a$04$bAgZsSGoghMrDWQXeyWRKe8maO1opc93z1ROAs4gVCthns98BYnnW', 48),
      ('wsans1c', '$2a$04$lHbINd.FrHRz5yb5wg8jW.Lf2QvsaW6hMlvs7oNWUdxb8LubBV0tG', 49),
      ('noakeby1d', '$2a$04$7xSeIeLsn63ddTSXYPT8h.VkjB9HrYnDr1ntLbIWRBdg2nVWkTZTW', 50),
      ('hcoysh1e', '$2a$04$yZfdfuL8oPVanJB5pe2NE.HaNbipX5i8zm5nohto4E96Acpi37KYe', 51),
      ('weuels1f', '$2a$04$XI0.zD..W3FYXhEOfuKXGe/TGr9oKGd3dQ0WSSbGZtMN145KHQ0P6', 52),
      ('rkenwright1g', '$2a$04$2QFUOpkcCI.jDbtDyX.fhursE2rXqpO9SJfLX58bZceElJFLxTIzS', 53),
      ('djellyman1h', '$2a$04$TP6ZNCSmuh74hTrRYCvoCe300QG5OahGfxrq.sfUMTLiWI8xez5zm', 54),
      ('m prince1i', '$2a$04$KIrRX55/Q8CeBvwC6KSHx.dux6.qMp3csU2xgegrxkGEwcTXcGXk6', 55),
      ('sseamons1j', '$2a$04$zV/.7g1fJlGhqMwXAN1LX.EcqB69lHXWjFgcXNffjFFX6FzegIgJG', 56),
      ('bpourvoieur1k', '$2a$04$QGNMizZYg/hHXKCrNWqhg.nicPeLZq3GLaqqe1ekbTfvFRr.uiWXm', 57),
      ('lroubay1l', '$2a$04$tkzEhDsgGZZRgRX/GHX3n.oK10NHJSi49YAa1JH3nrCQEEMpulAtS', 58),
      ('fjacobsson1m', '$2a$04$v47o3TpFoId7Tr8oSLv6L.gwMO2tntmfmSUDHDNlY8W7cCsefFZXa', 59),
      ('dgaber1n', '$2a$04$Ed/mSLEa4PVZImxXh5oPmu/iRqanADJwjS3KU/A2z.cDLyKzyRhDm', 60),
      ('bsturdy1o', '$2a$04$5TIr7mwS52.k4V4.2LYpqO4FFISx7OXaE7kPoiso7YlALDgNhBWJu', 61),
      ('zleake1p', '$2a$04$/j5yo9VBNMBRgrhZ3doW/eqRaiE2SOHNHhFmrRqofjHo8r/6QZT9a', 62),
      ('tfynan1q', '$2a$04$BWfHSZjQM8ne9hIcj.iFLeGBYLkSD3v7ZJePdFwDBU1Hy2OLbBDHm', 63),
      ('rmacguire1r', '$2a$04$2a8s1dleA7VFUsKkR3Tx.uV60Pd0eIRyYZ0OBidT8LZqTpPVk9Ooy', 64),
      ('fmccartan1s', '$2a$04$E0dAr5hPYeorY3XeAUVFCOGyh2YlrNjT5Sfg/TNFVFziP.i7oSTl2', 65),
      ('jlynn1t', '$2a$04$QigamdofRFLCuWEa.grOcu4Ny/St7CRbG9QQCql2YMn2UgDhID2X.', 66),
      ('shake1u', '$2a$04$9s7y8fOfc9g5coL62ugx7O/tYwNBPk9m.52uUWGRpnre/dbQivY2i', 67),
      ('emackain1v', '$2a$04$.9tOkd/vhVhs5gpsIlYWDO6cafKzXmYOCpfoAzD51PI6cWGbcTlGm', 68),
      ('hbapty1w', '$2a$04$kzwTlVILNFvRopwV6.g9U.RiTjfd21TiXQefybPD5Yx8.cEnl6/oK', 69),
      ('wcovolini1x', '$2a$04$qMVIbEM5UenhwSB7CmkEUeWMXSZqzAeOfiKE.5LpmHxrSKjsQue4G', 70),
      ('llevesley1y', '$2a$04$zA.SOnspABJdy3NTU.HnbOZkXMOBnaLDP4Ty9QvLgxkkIiO1ceOZ6', 71),
      ('ccaught1z', '$2a$04$SMSfzG6OWxMyhUrTAwStNu4VhKKOt.hOlf.iATTRAic9F97pDKHem', 72),
      ('chimsworth20', '$2a$04$huRrOuBiwfn658Ra82RjDudm01k61yVNSLOtjxjom8250aUUeyi6G', 73),
      ('mcromb21', '$2a$04$LHkavA3sUHbnTfz1AkZwG.Qw01EpGmQWZrwETGSCifIyH4GdbQfR2', 74),
      ('dporcher22', '$2a$04$q4kyCZcBQX8F/455PXy.9uNWvhxv3qKLW7vjXeuZAYvLChIeObMwm', 75),
      ('rparkins23', '$2a$04$6kQFR7tXkY7a9s1DBVcVze8iBovgUl3NCqY4fG9mk.xlTM.Lhgw3m', 76),
      ('hklimas24', '$2a$04$Ank8PB.yDqbMplFsjWOhe.ANEelG9EsYqSPnGTwxMEbNXdsY.HPna', 77),
      ('somalley25', '$2a$04$m8DnjetYuZZkBveHli/.KOnZ5cJS4lh5LoRMCSd6od3izYaS7Wo6i', 78),
      ('glangshaw26', '$2a$04$DqM4gTduqtLqMLBN6HJKceBhrGn0.0OKwdiY4JmKk73tlcr2LT5ka', 79),
      ('ggossling27', '$2a$04$MqiOC5R6dU71c/Ngo0dfSuD/srruMALbIw9C0Sw1S1RAy.vEOwNzy', 80),
      ('dhain28', '$2a$04$D1E1Bn070FvG1ScsHnnSFOHD6l9fN.YSh3hqwyLa2iTTRFyR5m7cy', 81),
      ('njeanin29', '$2a$04$1dRw0OD6oz6pzduFArVdXOEHE5mB.GNdORifdL/wWCKBrqqL.SzqC', 82),
      ('ascain2a', '$2a$04$yCEm1dMadCiEdSuPbZFUe.PTb4GoPxEJfhtIdEjisHevg5/wJYUo6', 83),
      ('astruss2b', '$2a$04$UGYL25Ceag.VDhuoPEqwLeAG9F4cFIT6fJR1sZ8VFs671MLf9rjVi', 84),
      ('estonuary2c', '$2a$04$iqgCRISq6dKQHGW1dL1Qb.SEKe71h7nldEp790GJBhzQtlVtL8dL6', 85),
      ('hsporton2d', '$2a$04$LOerIitZCacCfTB88g4WceKjUQT7qd272cpXTUd38FTSmji3q4Fhi', 86),
      ('khaggis2e', '$2a$04$FGHMZtk93IVRzckCmwsh3esaaJ.Xm5uMeU4O4u0XDVo7Q/4SdaSo.', 87),
      ('ncorgenvin2f', '$2a$04$3XgbVDGMdjGaUa9nfN5b1OYZ1/KJ.2XalDb4uFuJ7qNDYIQWSHMK6', 88),
      ('grustan2g', '$2a$04$.1TKsPPOy22S4MTgQDpiCuu3WlkjEm47LudLs/Qbcc7soYR5zvmrS', 89),
      ('ebolden2h', '$2a$04$7Gz8PJtWYLGB2RLJ8ccsp.NMmeS.CJS3JRgqwngyUhu.r3Kjyskwy', 90),
      ('fdibson2i', '$2a$04$Vrfrttdk5q1ZLiojsWxd4.l7kT8yNhAItQEDEKLc8a9InK1bl2o4m', 91),
      ('ksleath2j', '$2a$04$gVw0u.pVO6HNOKtFTZlbzOR6WiWpXlKXsOec/QPveW5O3sbuhkL6y', 92),
      ('alancley2k', '$2a$04$82QwSOEbI3xrahj01p.SFeQ6hkzgO9ODcQiyeDqTUSNDTX5zCYCvC', 93),
      ('sortner2l', '$2a$04$y4ULxN8lO5P7cudRwr99te/BVBXFXA8s.1N1bJkycfZ1NgXgPJTCO', 94),
      ('oleigh2m', '$2a$04$UJFwcpxtXp8RDHb086JXUObECr0GjwvvoTgUaGAAWKfC3mVoRcLW2', 95),
      ('stibbs2n', '$2a$04$.8KoDD3NQIMOY4RKwmkJFuPCG5CB5rYGBknl/kolmU3wNZ.RjBT4i', 96),
      ('tvlasyev2o', '$2a$04$zyUFVct.SCYfpsoAD8Br0.1p/i2e8Ub6UbW6NNAKVAlnyK31hX6uS', 97),
      ('alovat2p', '$2a$04$ejjGiJkIBz25cXSpKSGHw.nMXk1LUnxxc4A3Zme6Hy879o6YuEB0W', 98),
      ('gweedall2q', '$2a$04$kwd0UP.77SD31xkL08bFQ.cqd3bLllvGX4V03KWpdUcDFLJjht/gi', 99),
      ('gschult2r', '$2a$04$ZExhHZ9KGpTEH/rQc.5Lyuj.P2hjuINfUtBEk3VLX.BEkvEZCpCkq', 100),
      ('eexter2s', '$2a$04$d4Qid5CjlmOY289p/mUMc.zuEsAcJV8.xLzM0CXGNpv70k9a2BelS', 101),
      ('dnormavill2t', '$2a$04$jnX6Tp1DcwG0KC7c2mLkWuWzn7RpZWHK4KEh44jDhH060CCOI5k/2', 102),
      ('ilauret2u', '$2a$04$BJvJ5Ufe.mfigXFVHFfRPOKxzyO0A.ueCU760I5yRxZZcW06ZW.zC', 103),
      ('abischop2v', '$2a$04$nSDn0ix7ZzhHivrKVfW/l.IsnYoiRQlPCzcpcJeKnl94zZR0B3gv6', 104),
      ('bstowell2w', '$2a$04$9D5MdKGODuF1RNhzTTItouFdgyJGC8fUzmSGx9Ini.t7LFxXWQ/Pa', 105),
      ('jtwigger2x', '$2a$04$bDHaW9D/iIQfBuAwGp9yAebqJF9.qYT5UHy7FjmZnW4BI0ZqVRPsO', 106),
      ('okaines2y', '$2a$04$3kysIzZI46WyjJI0oxCtGuf8ZnNfVienS4HvBKFzOVDpZSjLitznu', 107),
      ('pchstney2z', '$2a$04$bGAlg1ax/CaUTEnNOXx9l.AktByW1qNNzAJGk9e5V0WoWrk/1m5c6', 108),
      ('kkrop30', '$2a$04$yIs/tqIiF4rHgB56sMi6K.1aczlpyhEvw1UL3OUkrYCVvnsJPycCO', 109),
      ('emacgillespie31', '$2a$04$PESuKhe4jfBHyDtFPVmrtOmLlhzaLNIEysx7/P4AY.fI.LPb0XO0C', 110),
      ('swelling32', '$2a$04$mmuxn1M7u6.eA2xVorcIP.lhE8.iKoPa.zN/0ZA3NexENx/QQ5pRS', 111),
      ('lnavarijo33', '$2a$04$vtp.44TlOssENwWgLWRX2u7vg6ZoK/7iXuhrCVnZ7YQfD0cbp7SeO', 112),
      ('jsymcox34', '$2a$04$k2uzqkXTGstC6TDnDcUtY.e/y/xFZ2v34euDWhga7XrKbR5gUldHy', 113),
      ('gparfitt35', '$2a$04$6Bv514rV/.1fNVcub6cJme5jWeVYmRcL3xnfDPKV9MHF9eFnRFwT6', 114),
      ('emaharey36', '$2a$04$PmLjmmxsO9cO8XEApWHpE.Zq1IeJbaUyKdVy4En93wWIf4jc.qK4u', 115),
      ('jmcarthur37', '$2a$04$ZKKOVkJGvEv4Urj6AMn0LOSHUtDKdLaoQKr4eJJvupfQVENpzmXVq', 116),
      ('btottle38', '$2a$04$D5ur1tgyrtEn196YXcg9ZO9oVwbwy3MhNppeCW3k8abRwsJScPpe2', 117),
      ('mpetyanin39', '$2a$04$I9GbZfnV7iIYkwwq1ddzXO5O93DDDkTHrQobqkrJoHeHOpOsPiwce', 118),
      ('mtillerton3a', '$2a$04$JCQUpk6oqXOSnDeAjERdTuIZkxE2bTtOJyL6AOHm1vbADjY.HzE1y', 119),
      ('rleatt3b', '$2a$04$2UaphfgEAesPzhgI5wz0i.QsW6dyzRABditAPXNxrbUdnAA.80hgW', 120),
      ('tattow3c', '$2a$04$REX5rVay8TecFOuaX3Diu.6vUF1KZORS.oUAOjGDKDR0/is1gMGN6', 121),
      ('ecarwithen3d', '$2a$04$XkEuM1obx0RWlbkq7aPYpenLZng4RR6dxLUS0TKKqzVLyp/qD1GLu', 122),
      ('kbrigden3e', '$2a$04$NhnD03L8nsl58bsYkVXhaOr.ATW2AJbJ2EN9KvZMe2rwjM0SUvDbC', 123),
      ('asaywood3f', '$2a$04$v7X.15UoZn2iYHpfoFq3ceVfgcqU4EphH7uh4CUP8Y.arrtzETSOa', 124),
      ('hsnarr3g', '$2a$04$fqZ41I75/2IxaXBLAWH73uFbX93owwa5aOGB8RgEogaXaQKMigIZ6', 125),
      ('tbernardinelli3h', '$2a$04$w19YWveUHv3OKhY79AubSevd5dChMYcxcgAjPWzboAuM2XnUnEOjm', 126),
      ('bhuckerby3i', '$2a$04$l0LQT6Z7wX4bTUTfHYMnpePbjQmQv/qrULv5dJyN1mWyONM0i2982', 127),
      ('fskilbeck3j', '$2a$04$mTXvR7Eg0qHRIu3vI/LBje48RdA2M.wQj3LQrZOlR77i.rFpa65SS', 128),
      ('afaire3k', '$2a$04$qlGP48ibaAIX5p1rD2BaYOQNBM22guibdosrtngTarcg2D2DPeLdi', 129),
      ('adalgleish3l', '$2a$04$5tOvitgcT7DR2XmTGrTTrOIXfkbWuv9pWF/s9TNHeulDX0j.qYwjm', 130),
      ('hcofax3m', '$2a$04$Zar.URA7wEkBiBU3TiCUluJcq3/K7tkMsWXpn4UfH.xNgMw5.jNuC', 131),
      ('ccogan3n', '$2a$04$W31pEiNTxYqVtEZkt17dl.FdZZrqG4oIBEBPvoWzC77cwtrIuFKF2', 132),
      ('lhanwell3o', '$2a$04$/.GUXIcRpkMNpRQbT290x.fn4rgyP8rSllvDwiOr3I5cZA9quJU.q', 133),
      ('atemlett3p', '$2a$04$VYYEGIW7tflPgtb.yFAxSe0nwhOxXsktl6FjgYOoT7rKfKZcHlCdO', 134),
      ('sgofford3q', '$2a$04$JfEtVjk/XoCkcW7O/hobyu.rEtWwSCHdtUpOeQ/xIkS.4ArNr2ZCC', 135),
      ('bsarch3r', '$2a$04$fOHkulDg6EuZ7XxnvT.H1eVZPrq/VbNTlBQSMem/dCSSr5/p09kqi', 136),
      ('fhuot3s', '$2a$04$d0ggrEfmxVFWSNiVCi8c6OO7Sa95oFHjnmJHX1ZxPbSu5oGqlzKQm', 137),
      ('wflaws3t', '$2a$04$T/nHK9DXPFCeO8.BSrrG1.9Frn1QuQGYmMhO4aCQnVFFMXWFD/gnG', 138),
      ('ejudgkins3u', '$2a$04$kFyAErFkyZ3zcPqu58rh7evWFHkDD3BypTOtQ7LmmxLhOaNCZT3be', 139),
      ('mprobey3v', '$2a$04$NUVUWDPiY5bJz9yhRT6x1.3ZZFIElvTXzeRUvug7F6mQSHHxnpMUu', 140),
      ('mlarrie3w', '$2a$04$Ks6gZtgU9KSTG8SHixSfuurrnjGd5wtFOSgw/EMXJIipLs1CvmYv.', 141),
      ('agrimestone3x', '$2a$04$8al7hHkIsjKG7W1uchMWUeIUU2cKNemuX0gEbYDcO533RC47yMIwi', 142),
      ('fgeorgeau3y', '$2a$04$/jeNBv4dTeu51emMHofCgehSAr4G/ZS2bGxIdbIcGRj8rqfXSq1we', 143),
      ('akeddey3z', '$2a$04$4/45TBCVGvHRai/rnLWjLukWF7ofV0IbrGWXuuJndtmmuNc.eTS5O', 144),
      ('lrushsorth40', '$2a$04$e/Cfm7j7Y4Zwu7gwJx1p5.YfohyL2/pHAlpAkfM9R9yo03y4RVx92', 145),
      ('alawrey41', '$2a$04$5tmQwsv2/ULi5f4B0wf6Ge.Nrgn9O8qv4QE0DkY3vwHy85eZ7ZFpe', 146),
      ('ecayzer42', '$2a$04$Mv8HPqTqFTJqZ9JjiLKlM.aTWjj9KEfj1ewwC0vjOsi0ym4xM97j.', 147),
      ('gpedrielli43', '$2a$04$HhGbjZ8DIeTR0GUA611J4uUol.5xy.MPYyoKFXv5Kxb2kvLf2DZpm', 148),
      ('iwaycot44', '$2a$04$3jlDSaJ.q9P5g58sf0/uC.61TUedU41Cqt8ePoKA3Nreaxef.C8V2', 149),
      ('yhuller45', '$2a$04$g2mYxjVHOlDRVHRBVu3xTuMEHtID.ysweM7PVfzJ4Fekm9O2d.Ci2', 150),
      ('dfillingham46', '$2a$04$UhM1kNJ8ZkGk2ngNqD8j9u1iwW.YkQxFF5w0bDO1R.oC2kpJv3Epy', 151),
      ('gepinoy47', '$2a$04$tTMydk1xeoDu4n/jC5D7xu9W4P83EMNdEPK2bnIg9G64LzVwwgwh2', 152),
      ('fdensell48', '$2a$04$qLYxuT8ODvZzLsfT6oFJc.WmMYOT5g4Jz9KPbvP9dQmP.91PS3OKi', 153),
      ('arief49', '$2a$04$P2ztLX1PqTIf1DqZ9xEzoeALfctfF28IuAw0GBQPPVkaJKAncZokG', 154),
      ('ctrusse4a', '$2a$04$GNJ5m8bC4s2/kWU.pET/6Oc9Utg8OT6Xr4.0cIqQJ.f.DlYT8VKJe', 155),
      ('lcaughte4b', '$2a$04$4LoWDgQtKdt64kh7aD8cQ.7F0trjivb9cCAHNDgBn95UMU.Htd0He', 156),
      ('sdoherty4c', '$2a$04$jEOsTd/23jkHkq.TiLQgoOtHpnt33EiozMwfTx/h7ZkPbaSgHTM/u', 157),
      ('njack4d', '$2a$04$JsHohSsufzhiPE/2WaNDNeA.ibCh1YNVzBx8pJSQ5/rx44VjvUDbu', 158),
      ('clamyman4e', '$2a$04$mJHfTIqgNxk4FLcGgd9cj.ac/YQ9rvDHosZ9kjDEc6h776wc1gWy.', 159),
      ('lshingfield4f', '$2a$04$zamoaUDl/9PLil7S9YpwCe67YyfRstG9MOSboP3PKa1arhqn.GyU2', 160),
      ('rheinritz4g', '$2a$04$uDUtMyiYWe/aqZfSRkqyouhno9cNcf6d7H8jbjDAuOXmNhkhYkuyy', 161),
      ('mrandle4h', '$2a$04$mdcT8o4Q5kDOyn.fbtu4E.9FzE9pcpVzf25L7pSEgKZwGooOkDC7.', 162),
      ('noakeby4i', '$2a$04$oa4eTGMKaXgZKEWy9uNlbu3OVaM5vIIws1wTTJx9BlGO2RNlTgAxO', 163),
      ('jcampion4j', '$2a$04$blbSwsxcNlmxID9prithEOXnfqYMtIUDnNK.MCVmYCcQ4vYkojJla', 164),
      ('bclynter4k', '$2a$04$qKh7EmLE./JzEw9TRJfa3eAyPIXT9d.o4ATjvB9GUI1a9OfHbLJcu', 165),
      ('ibrayshaw4l', '$2a$04$y8VKC2qg9ZlTOrKwKciMN.f2WKdPrTK4VbL1yUQ0IGDDZOo7P5PEe', 166),
      ('tvarian4m', '$2a$04$PvmVO1gnrTAZ6HES.wLb5uI7S6p/mIRaXD9P4vLPp3eUobkN9hzGm', 167),
      ('jmeadway4n', '$2a$04$utKLCy35FdU1xo46vqgCU.kXelg3jF3UklA3sBlK4PuVIcKYmalT2', 168),
      ('sbrade4o', '$2a$04$rCoy5zgDgH7u8ccCm7ZXYu0cWvPYqP0whV10Y8BLkjKGaEX43EnQ.', 169),
      ('dmcandrew4p', '$2a$04$f5yf1O7/3W39dKt.yz2FKujx2VWsw4TLgCl0Wbc.ElleWjrhLCkRW', 170),
      ('bwildgoose4q', '$2a$04$ZcVllFN2MhW2/nQQdjsi2.P1cuW4vvtnlXVFgYCx0XXAzRob/iVyK', 171),
      ('dmease4r', '$2a$04$WBv0GeYiyBjE1xIcBh43UeGLNcBBy3d0Hz4ct6WsXNxpWcnQeO872', 172),
      ('lcourtin4s', '$2a$04$Pm8rcePtY/ZTiAMlmGACRuaU.MuSD.WljXA2bbLegcmJ0zqVFhAuq', 173),
      ('jcordeau4t', '$2a$04$TAqWsteiQVC3u1pwxH6yJeNZtYYdeHtXV1Mw.xH7FhygRPOM7pz36', 174),
      ('cmolen4u', '$2a$04$zGVwL3C84fhyHLaiCzw6IujrsiQVowFZ15sMNbcNWwtxrMlWmuNvO', 175),
      ('cmusker4v', '$2a$04$Y/J3.W4kWrgIwWNJxZZGkuIwlq7QdtzZP4fr8tcsjC.8Nzx4IzNQK', 176),
      ('ptye4w', '$2a$04$sHQND7kDPlR2ZApUGDKE0uPU6JxB0NKSpEUDWmIDLqv793H8J7.xW', 177),
      ('ljaouen4x', '$2a$04$.ZehZstd8XXxQAbtzG0ke.U1FW9yAkE.469yNi2eq3Q0wvoknHUqe', 178),
      ('elamprecht4y', '$2a$04$R8vte2c5c0Go2lC5YQ.FFOSAlkZ3gTV.qAIk1D2LORjKUskk5vL0W', 179),
      ('vnewbury4z', '$2a$04$Pma0lE1X8RCw1rtbMPk8ee26W3z4gt1Pe6zCEHb6FdJiLdmV/sgRe', 180),
      ('avandaalen50', '$2a$04$NBPFKB85VjL6T0aS9tWMDutrRcuG.wZ8hZuhinFGcgSP1gJyQgPKK', 181),
      ('dkun51', '$2a$04$Vi6nQVUFqIz.OJN0A/.NueE8zReo5iqQUXQI9fZi8dDbF.Csiir8e', 182),
      ('uayliffe52', '$2a$04$YyPesHtuyqTqgiN9SF1dXeAxtcai4.KmYXRsb3vvlQfGpfqViqf/u', 183),
      ('pgianotti53', '$2a$04$1qb.rT.AhGYWNGxziqqoAuwWlCt5Fb1Ab8Hi03Yc2pItb/f7GtiDq', 184),
      ('pbollands54', '$2a$04$RmkU2/n6QwLfU0Olm2.9j.JiHt6o.thTTB4zsEnD75UkEAkq4yYYi', 185),
      ('datrill55', '$2a$04$BDjC3DLCyn6WrA8lfZED/.EWxJSTVK.RwYIZ4.b6DLBQ/SRE9Xnf.', 186),
      ('znerney56', '$2a$04$0CG5i/4h0yN2nGLSasjUOuQyOHiBEo/qyP3V72vO2MpipylGJwIfG', 187),
      ('adorrity57', '$2a$04$aEtcFT4.U0Czl2fMUxm.3uCe2rA4wW9DzmzoSs5Q6ZT8IM73m7uAe', 188),
      ('dcaffin58', '$2a$04$uhytrR5jsR2/cCXPRtUWC.mgNZCD/Fq2YLRNYSOvmR1Cfki4QNbNK', 189),
      ('arudsdale59', '$2a$04$MUDZwdIAuRyNja.voeMt6.iCjxxU51QEwXsFKTW8Cu3T5xRmKmF3G', 190),
      ('lantram5a', '$2a$04$Q8DuEjUYuFDFqwHgFhXnkuFgvJejsUdEWACFF9F1M5PjBQGVzvueS', 191),
      ('isebborn5b', '$2a$04$ozJzqV1ObAbOcXLacmyGTeVmz0/6dy9HVgbQCksNMrFsRL.8pgDCG', 192),
      ('cmerrett5c', '$2a$04$2Rs0dzmJE9zEg55jOiTwFeCuQa1o0agViVZrPLseH5EfRT7CR0vm6', 193),
      ('emunson5d', '$2a$04$ykY2HPmanRsfFW0.WH2ctuG.nMM8FPL3DVzbvFB1eL9CTzvIcectq', 194),
      ('skeohane5e', '$2a$04$66eGfZ1ifmR2aw.8OYBPXu6l0SmT.liO97PpeVM1ZNrDdUgsotzua', 195),
      ('ewimpey5f', '$2a$04$3vAOzTfOU6oOzYkde20BZuf.ccD/88vq4s.VNCRrkzSOXCRE747rm', 196),
      ('vmillion5g', '$2a$04$itU0OElcorNxXddLLryEwOncK3EfAruXVxC9g7shi03hGYPcKFJb6', 197),
      ('kcunnington5h', '$2a$04$wPU2TmrNT49wHIdivUGCeeVOwQGANUCj83tTaE7b18hV8z/Z7Y7Bm', 198),
      ('pgainsford5i', '$2a$04$CK6ZY7HXsuyICKSiIwh2oOrElwoCs.7DlL9CJeNxHRDT16EXnLH/m', 199),
      ('dsheivels5j', '$2a$04$O1iZyFahAVIKOqY2JVf7lOhzGmHCoj3dH8z197pcRCsmgh8l4ts0G', 200);

-- Admin Users
INSERT INTO User_Profiles (user_id, first_name, last_name, current_weight) VALUES
   (1, 'admin', 'admin', 186),
   (2, 'admin', 'admin', 210),
   (3, 'admin', 'admin', 165),
   (4, 'admin', 'admin', 195),
   (5, 'admin', 'admin', 220),
   (6, 'admin', 'admin', 178);

-- Standard Users
INSERT INTO User_Profiles (user_id, first_name, last_name, current_weight) VALUES
   (7, 'MockFirstName', 'MockLastName', 198),
   (8, 'Sunshine', 'Swift', 145),
   (9, 'Welch', 'MacGettigen', 216),
   (10, 'Creight', 'Bonsul', 188),
   (11, 'Cecile', 'Dellit', 133),
   (12, 'Clarine', 'Orlton', 155),
   (13, 'Duane', 'Cadle', 205),
   (14, 'Arvie', 'Osboldstone', 175),
   (15, 'Frasier', 'Argo', 192),
   (16, 'Maud', 'Hegges', 168),
   (17, 'Derrick', 'Neads', 231),
   (18, 'Pascal', 'Janosevic', 212),
   (19, 'Jules', 'Braithwaite', 185),
   (20, 'Robert', 'Shimmings', 177),
   (21, 'Kennett', 'Aiston', 245),
   (22, 'Jessamine', 'Foch', 143),
   (23, 'Mylo', 'Yarnley', 255),
   (24, 'Tobi', 'Reah', 160),
   (25, 'Kermit', 'Ridde', 185),
   (26, 'Myrna', 'Rickersey', 149),
   (27, 'Pincas', 'Hirtz', 196),
   (28, 'Jayne', 'Byars', 136),
   (29, 'Jodie', 'Kelley', 162),
   (30, 'Brig', 'Boshard', 210),
   (31, 'Wendy', 'Drissell', 128),
   (32, 'Tabina', 'Sherar', 153),
   (33, 'Vincent', 'De Roos', 200),
   (34, 'Ignaz', 'Hambly', 236),
   (35, 'Konstantin', 'Syrett', 187),
   (36, 'Kelcey', 'Morford', 170),
   (37, 'Edgardo', 'Gonnet', 222),
   (38, 'Fredrick', 'Benois', 181),
   (39, 'Shena', 'Koch', 145),
   (40, 'Jamie', 'Barczynski', 159),
   (41, 'Nikita', 'Cuvley', 191),
   (42, 'Laurice', 'Newland', 138),
   (43, 'Nester', 'Tapenden', 177),
   (44, 'Babb', 'Ganders', 249),
   (45, 'Judon', 'Aylett', 166),
   (46, 'Melosa', 'Delwater', 141),
   (47, 'Teodoro', 'Baynom', 202),
   (48, 'Pierson', 'Jaquin', 219),
   (49, 'Edgardo', 'Flintiff', 189),
   (50, 'Taryn', 'Lounds', 155),
   (51, 'Lizabeth', 'Abrahamoff', 168),
   (52, 'Agatha', 'Logsdail', 130),
   (53, 'Garik', 'Murgatroyd', 225),
   (54, 'Carl', 'Cuttles', 194),
   (55, 'Nannette', 'Potzold', 150),
   (56, 'Ole', 'Shallcrass', 212),
   (57, 'Madelon', 'Illyes', 157),
   (58, 'Paten', 'Viall', 183),
   (59, 'Tallia', 'Beldum', 173),
   (60, 'Dulcy', 'Mangenot', 147),
   (61, 'Mel', 'Kibbel', 198),
   (62, 'Vasily', 'Sharrock', 207),
   (63, 'Sumner', 'Hardman', 221),
   (64, 'Lulu', 'Forgie', 135),
   (65, 'Tedd', 'Rowles', 191),
   (66, 'Basia', 'Fawley', 151),
   (67, 'Cris', 'Esselin', 164),
   (68, 'Davis', 'Newell', 252),
   (69, 'Eileen', 'Lethby', 142),
   (70, 'Sherwynd', 'Stritton', 189),
   (71, 'Hanna', 'Matityahu', 153),
   (72, 'Michal', 'Goade', 179),
   (73, 'Glynn', 'Bridgement', 217),
   (74, 'Johny', 'Ilyasov', 193),
   (75, 'Dalt', 'Rykert', 205),
   (76, 'Beitris', 'Cote', 137),
   (77, 'Klara', 'Ibbett', 147),
   (78, 'Hill', 'Rowett', 181),
   (79, 'Lemmy', 'Whawell', 214),
   (80, 'Tammi', 'Trahair', 159),
   (81, 'Freedman', 'Gimson', 191),
   (82, 'Josi', 'Wetherburn', 144),
   (83, 'Jacklin', 'Hawgood', 167),
   (84, 'Yolane', 'Chalfant', 132),
   (85, 'Lacee', 'Alvarez', 175),
   (86, 'Rudyard', 'Laverack', 201),
   (87, 'Pepillo', 'Lundy', 187),
   (88, 'Saw', 'Paddeley', 155),
   (89, 'Borg', 'Feckey', 218),
   (90, 'Calhoun', 'Jarley', 198),
   (91, 'Ealasaid', 'Samarth', 141),
   (92, 'Buffy', 'Pitrollo', 134),
   (93, 'Amelita', 'Grinley', 151),
   (94, 'Raina', 'Reijmers', 163),
   (95, 'Yul', 'Hinken', 192),
   (96, 'Pierrette', 'Treadway', 147),
   (97, 'Lorelle', 'Scranny', 140),
   (98, 'Del', 'Lodevick', 185),
   (99, 'Millicent', 'Rippingall', 156),
   (100, 'Seymour', 'Livingstone', 225),
   (101, 'Julian', 'Atlee', 209),
   (102, 'Ethelin', 'Doorbar', 148),
   (103, 'Marissa', 'Stannis', 160),
   (104, 'Cob', 'Folkerts', 179),
   (105, 'Cy', 'Birt', 242),
   (106, 'Eamon', 'Clemintoni', 196),
   (107, 'Jewelle', 'Houchen', 152),
   (108, 'Inga', 'O''Kinedy', 169),
   (109, 'Genovera', 'Carlino', 144),
   (110, 'Michell', 'Kumaar', 190),
   (111, 'Kiley', 'Fenn', 173),
   (112, 'Zonnya', 'Aiskrigg', 156),
   (113, 'Adrea', 'Barock', 138),
   (114, 'Lauretta', 'Brandenburg', 165),
   (115, 'Ingemar', 'Duligal', 212),
   (116, 'Curtis', 'Clift', 199),
   (117, 'Jedediah', 'Roomes', 182),
   (118, 'Danice', 'Houchen', 149),
   (119, 'Ricardo', 'Selwyn', 176),
   (120, 'Reinwald', 'Bondar', 203),
   (121, 'Midge', 'Kinze', 151),
   (122, 'Steffen', 'Prime', 194),
   (123, 'Lebbie', 'Morot', 166),
   (124, 'Vail', 'MacGorrie', 188),
   (125, 'Dolley', 'Castiglio', 141),
   (126, 'Rorke', 'McRamsey', 231),
   (127, 'Frederico', 'Bodham', 220),
   (128, 'Dianna', 'MacCall', 162),
   (129, 'Ainslie', 'Danilyuk', 138),
   (130, 'Merla', 'Bowie', 171),
   (131, 'Arlyn', 'Coulthurst', 158),
   (132, 'Marylynne', 'McAvey', 147),
   (133, 'Miguelita', 'Crotty', 163),
   (134, 'Elvera', 'Dobrowolny', 150),
   (135, 'Bobinette', 'Asman', 154),
   (136, 'Geneva', 'Ray', 170),
   (137, 'Avery', 'Gateley', 228),
   (138, 'Marty', 'Pashbee', 192),
   (139, 'Killie', 'Savoury', 145),
   (140, 'Pamella', 'Bloodworth', 133),
   (141, 'Allan', 'Aggott', 206),
   (142, 'Kellia', 'Alwell', 154),
   (143, 'Kate', 'Aveline', 168),
   (144, 'Casie', 'Aiton', 174),
   (145, 'Briny', 'Craise', 142),
   (146, 'Aviva', 'Ricards', 159),
   (147, 'Ray', 'Rennenbach', 188),
   (148, 'Izak', 'Pettwood', 238),
   (149, 'Dewitt', 'Playhill', 193),
   (150, 'Sapphire', 'Hearty', 143),
   (151, 'Kayla', 'Scade', 136),
   (152, 'Martino', 'Stoaks', 196),
   (153, 'Berti', 'Cranney', 171),
   (154, 'Stevena', 'Gledstane', 143),
   (155, 'Dylan', 'Costa', 215),
   (156, 'Vitia', 'Turmel', 158),
   (157, 'Angel', 'Arnet', 181),
   (158, 'Gabriel', 'Eallis', 200),
   (159, 'Wildon', 'Mardell', 224),
   (160, 'Maryanna', 'Haimes', 161),
   (161, 'Mitchell', 'McKibben', 237),
   (162, 'Leeanne', 'Gawthorp', 155),
   (163, 'Carilyn', 'Rubinek', 149),
   (164, 'Joachim', 'Greatbach', 188),
   (165, 'Vernice', 'Beszant', 161),
   (166, 'Dag', 'Huge', 202),
   (167, 'Richardo', 'Conrath', 218),
   (168, 'Emmie', 'Medler', 134),
   (169, 'Mariette', 'Lambshine', 153),
   (170, 'Liv', 'Lyptratt', 176),
   (171, 'Rosene', 'Gilpillan', 140),
   (172, 'Gonzalo', 'Willimott', 197),
   (173, 'Karel', 'Philliphs', 241),
   (174, 'Laurens', 'Karlowicz', 184),
   (175, 'Lamond', 'Prantl', 205),
   (176, 'Israel', 'Kiernan', 195),
   (177, 'Arlina', 'Ponte', 148),
   (178, 'Piotr', 'Doby', 208),
   (179, 'Immanuel', 'Attryde', 184),
   (180, 'Arabelle', 'Waggett', 143),
   (181, 'Geno', 'Lathy', 233),
   (182, 'Anni', 'Dewane', 152),
   (183, 'Livia', 'Rigmond', 158),
   (184, 'Rockey', 'Cassel', 215),
   (185, 'Torrance', 'Palay', 203),
   (186, 'Buddy', 'Weyman', 227),
   (187, 'Carina', 'Silcock', 149),
   (188, 'Noni', 'Dadge', 137),
   (189, 'Josy', 'Mc Carrick', 165),
   (190, 'Consuela', 'Rillatt', 157),
   (191, 'Robina', 'Margiotta', 145),
   (192, 'Inga', 'Allsep', 174),
   (193, 'Urbanus', 'Serrels', 219),
   (194, 'Bay', 'Demougeot', 207),
   (195, 'Orelle', 'Kanzler', 153),
   (196, 'Meaghan', 'Halson', 167),
   (197, 'Valerie', 'Harbage', 179),
   (198, 'Brew', 'Radbourne', 189),
   (199, 'Marlon', 'Maltby', 211),
   (200, 'Coleen', 'Sesser', 140);

-- 4. INSERT GOALS
-- Admin Goals (Users 1-6)
INSERT INTO Goals (user_id, goal_weight, goal_type, information) VALUES
     (1, 167.16, 'Strength', 'Increase Bench Press'),
     (2, 321.17, 'Strength', 'Squat 3 Plates'),
     (3, 196.51, 'Weightloss', 'Reduce Body Fat %'),
     (4, 176.67, 'Weightloss', 'Wedding Prep'),
     (5, 440.13, 'Weightloss', 'Doctor Recommended'),
     (6, 174.9, 'Weightloss', 'Improve Mobility');

-- Standard User Goals (Users 7-200)
INSERT INTO Goals (user_id, goal_weight, goal_type, information) VALUES
     (7, 200.87, 'Strength', 'Pull-up Training'),
     (8, 200.82, 'Stamina', 'Run 5k under 25m'),
     (9, 175.03, 'Stamina', 'Marathon Training'),
     (10, 176.6, 'Weightloss', 'Lean Bulk'),
     (11, 237.62, 'Strength', 'Powerlifting Prep'),
     (12, 177.27, 'Weightloss', 'Cut phase'),
     (13, 181.95, 'Strength', 'Deadlift focus'),
     (14, 162.54, 'Strength', 'Core Stability'),
     (15, 146.09, 'Strength', 'Post-injury rehab'),
     (16, 163.84, 'Weightloss', 'Consistency focus'),
     (17, 206.86, 'Strength', 'Upper body volume'),
     (18, 195.93, 'Strength', 'Functional strength'),
     (19, 220.4, 'Strength', 'Olympic lifting'),
     (20, 175.2, 'Strength', 'Grip strength'),
     (21, 184.03, 'Strength', 'Hypertrophy'),
     (22, 120.44, 'Weightloss', 'Daily steps goal'),
     (23, 241.98, 'Weightloss', 'Calorie tracking'),
     (24, 244.53, 'Weightloss', 'Active lifestyle'),
     (25, 235.38, 'Stamina', 'HIIT cardio'),
     (26, 226.34, 'Strength', 'Strongman training'),
     (27, 166.24, 'Strength', 'Yoga flexibility'),
     (28, 220.12, 'Weightloss', 'Summer cut'),
     (29, 163.89, 'Weightloss', 'Metabolic health'),
     (30, 145.11, 'Stamina', 'Swimming stamina'),
     (31, 226.77, 'Stamina', 'Trail running'),
     (32, 189.72, 'Weightloss', 'Portion control'),
     (33, 197.41, 'Stamina', 'Basketball cardio'),
     (34, 229.84, 'Strength', 'Off-season bulk'),
     (35, 131.59, 'Stamina', 'Cycling endurance'),
     (36, 160.03, 'Strength', 'Calisthenics skills'),
     (37, 245.6, 'Weightloss', 'Sugar detox'),
     (38, 147.44, 'Weightloss', 'Post-marathon recovery'),
     (39, 189.84, 'Stamina', 'Rowing performance'),
     (40, 198.05, 'Weightloss', 'Healthy habits'),
     (41, 211.63, 'Strength', 'Compound movements'),
     (42, 179.63, 'Weightloss', 'Intermittent fasting'),
     (43, 159.75, 'Stamina', 'Boxing endurance'),
     (44, 234.64, 'Weightloss', 'Work-life balance'),
     (45, 139.87, 'Stamina', 'Hiking prep'),
     (46, 180.19, 'Weightloss', 'Mindful eating'),
     (47, 228.79, 'Stamina', 'Ironman prep'),
     (48, 199.44, 'Weightloss', 'Body recomposition'),
     (49, 172.18, 'Strength', 'Shoulder stability'),
     (50, 173.29, 'Stamina', 'Jump rope goal'),
     (51, 156.42, 'Strength', 'Leg day focus'),
     (52, 237.17, 'Stamina', 'Peloton streaks'),
     (53, 197.37, 'Stamina', 'Obstacle course race'),
     (54, 133.91, 'Weightloss', 'Wedding deadline'),
     (55, 235.83, 'Strength', 'Back health'),
     (56, 186.78, 'Weightloss', 'Low carb diet'),
     (57, 207.52, 'Weightloss', 'Gym consistency'),
     (58, 218.47, 'Stamina', 'Triathlon swim'),
     (59, 229.35, 'Weightloss', 'Meal prep focus'),
     (60, 245.62, 'Weightloss', 'Walking 10k steps'),
     (61, 188.88, 'Weightloss', 'Fat loss priority'),
     (62, 161.49, 'Weightloss', 'Better sleep habits'),
     (63, 185.69, 'Strength', 'Kettlebell flows'),
     (64, 123.85, 'Weightloss', 'Vacation prep'),
     (65, 185.85, 'Weightloss', 'Maintenance'),
     (66, 186.86, 'Weightloss', 'Tone muscle'),
     (67, 145.76, 'Weightloss', 'Healthy snacking'),
     (68, 221.54, 'Weightloss', 'No soda challenge'),
     (69, 220.8, 'Weightloss', 'Strength & cut'),
     (70, 139.24, 'Strength', 'Home workout routine'),
     (71, 193.92, 'Weightloss', 'Water intake'),
     (72, 234.29, 'Strength', 'Bodybuilding start'),
     (73, 181.96, 'Stamina', 'Dance fitness'),
     (74, 184.7, 'Stamina', 'Tennis stamina'),
     (75, 178.62, 'Strength', 'Bench press PR'),
     (76, 214.37, 'Weightloss', 'Evening walks'),
     (77, 147.61, 'Stamina', 'Indoor soccer'),
     (78, 218.03, 'Stamina', 'Long distance walk'),
     (79, 149.19, 'Stamina', 'Aerobic base'),
     (80, 137.18, 'Strength', 'Strict press'),
     (81, 222.32, 'Weightloss', 'Portion control'),
     (82, 159.47, 'Stamina', 'Stair climber'),
     (83, 166.81, 'Strength', 'Pull-up volume'),
     (84, 121.26, 'Weightloss', 'Keto journey'),
     (85, 192.01, 'Weightloss', 'General health'),
     (86, 151.17, 'Stamina', 'V02 Max improvement'),
     (87, 144.87, 'Strength', 'Muscle tone'),
     (88, 167.19, 'Stamina', 'Crossfit endurance'),
     (89, 201.07, 'Strength', 'Farmers carry'),
     (90, 239.39, 'Weightloss', 'Tracking macros'),
     (91, 205.68, 'Strength', 'Lower body power'),
     (92, 137.43, 'Strength', 'Chin-ups'),
     (93, 145.28, 'Stamina', 'Speed work'),
     (94, 165.1, 'Weightloss', 'Weight management'),
     (95, 147.29, 'Strength', 'Barbell rows'),
     (96, 229.44, 'Weightloss', 'Active weekends'),
     (97, 163.1, 'Strength', 'Muscle maintenance'),
     (98, 174.24, 'Strength', 'Aesthetic focus'),
     (99, 130.04, 'Weightloss', 'New gym routine'),
     (100, 135.41, 'Weightloss', 'Shredding'),
     (101, 184.87, 'Weightloss', 'Post-holiday cut'),
     (102, 212.74, 'Strength', 'Thoracic mobility'),
     (103, 240.96, 'Strength', 'Chest volume'),
     (104, 149.24, 'Weightloss', 'Outdoor activities'),
     (105, 147.5, 'Weightloss', 'Bike commuting'),
     (106, 207.6, 'Stamina', 'Hill sprints'),
     (107, 225.35, 'Stamina', 'Kickboxing'),
     (108, 127.08, 'Strength', 'Posture correction'),
     (109, 199.9, 'Strength', 'Squat depth'),
     (110, 171.05, 'Stamina', 'Recovery runs'),
     (111, 204.19, 'Weightloss', 'Balanced diet'),
     (112, 147.94, 'Weightloss', 'Yoga & cardio'),
     (113, 198.79, 'Stamina', 'Half-marathon'),
     (114, 189.73, 'Strength', 'Core strength'),
     (115, 161.88, 'Stamina', 'Interval training'),
     (116, 204.23, 'Strength', 'Bicep peaks'),
     (117, 173.62, 'Strength', 'Posterior chain'),
     (118, 160.23, 'Strength', 'Overhead mobility'),
     (119, 246.96, 'Strength', 'Glute focus'),
     (120, 165.32, 'Weightloss', 'Fasted cardio'),
     (121, 135.04, 'Strength', 'Muscle density'),
     (122, 128.51, 'Stamina', 'Rugby fitness'),
     (123, 208.4, 'Strength', 'Weighted dips'),
     (124, 122.78, 'Weightloss', 'Lean muscle'),
     (125, 137.37, 'Stamina', 'Flexibility'),
     (126, 245.26, 'Weightloss', 'Healthy joints'),
     (127, 226.0, 'Stamina', 'Heart health'),
     (128, 138.79, 'Stamina', 'Daily mobility'),
     (129, 156.9, 'Strength', 'Bench focus'),
     (130, 236.01, 'Strength', 'Max strength'),
     (131, 242.81, 'Stamina', 'Long distance cycle'),
     (132, 210.94, 'Weightloss', 'Calorie deficit'),
     (133, 176.77, 'Strength', 'Trap bar deadlift'),
     (134, 120.5, 'Weightloss', 'Small goal first'),
     (135, 199.67, 'Stamina', 'Elliptical sessions'),
     (136, 134.35, 'Weightloss', 'Zumba consistency'),
     (137, 180.87, 'Strength', 'Push-up form'),
     (138, 140.46, 'Strength', 'Squatting 135lb'),
     (139, 201.93, 'Strength', 'Toning arms'),
     (140, 243.77, 'Strength', 'Leg strength'),
     (141, 210.62, 'Weightloss', 'Avoiding snacks'),
     (142, 190.68, 'Strength', 'Barbell control'),
     (143, 175.07, 'Weightloss', 'High protein diet'),
     (144, 211.24, 'Strength', 'Lat width'),
     (145, 146.7, 'Stamina', 'Steady state cardio'),
     (146, 206.81, 'Strength', 'Front squats'),
     (147, 185.75, 'Stamina', 'Pilates stamina'),
     (148, 188.64, 'Weightloss', 'Consistent gym'),
     (149, 225.52, 'Strength', 'Overhead press'),
     (150, 164.73, 'Stamina', 'Stationary bike'),
     (151, 179.58, 'Strength', 'Sumo deadlift'),
     (152, 129.04, 'Strength', 'Bulgarian splits'),
     (153, 221.37, 'Weightloss', 'No late night food'),
     (154, 169.42, 'Stamina', 'Stairs at work'),
     (155, 136.69, 'Weightloss', 'Body fat loss'),
     (156, 141.75, 'Strength', 'Gym progress'),
     (157, 177.96, 'Stamina', 'Cardio endurance'),
     (158, 136.97, 'Strength', 'Functional move'),
     (159, 236.5, 'Weightloss', 'Better metabolism'),
     (160, 209.02, 'Weightloss', 'Fitness tracking'),
     (161, 131.42, 'Weightloss', 'Slimming down'),
     (162, 175.41, 'Weightloss', 'Exercise daily'),
     (163, 127.61, 'Strength', 'Building mass'),
     (164, 166.57, 'Weightloss', 'Summer goal'),
     (165, 179.0, 'Weightloss', 'Health overhaul'),
     (166, 203.19, 'Weightloss', 'Scale goal'),
     (167, 225.56, 'Strength', 'Bigger shoulders'),
     (168, 193.92, 'Stamina', 'Speed endurance'),
     (169, 182.56, 'Strength', 'Tricep growth'),
     (170, 199.81, 'Strength', 'Deadlifting 225lb'),
     (171, 149.58, 'Weightloss', 'Weight loss win'),
     (172, 167.09, 'Strength', 'Push-up streak'),
     (173, 164.7, 'Stamina', 'Parkrun goal'),
     (174, 174.55, 'Strength', 'Muscle building'),
     (175, 164.81, 'Stamina', 'Endurance base'),
     (176, 151.52, 'Stamina', 'Rowing 2k'),
     (177, 120.11, 'Weightloss', 'Slimming goal'),
     (178, 210.12, 'Weightloss', 'Lifestyle change'),
     (179, 198.33, 'Strength', 'Leg press PR'),
     (180, 140.7, 'Strength', 'Upper body day'),
     (181, 231.85, 'Strength', 'Bench press 225'),
     (182, 124.16, 'Strength', 'Pull-up mastery'),
     (183, 141.5, 'Stamina', 'Soccer fitness'),
     (184, 193.19, 'Weightloss', 'Dietary focus'),
     (185, 155.76, 'Strength', 'Arm day priority'),
     (186, 211.91, 'Stamina', 'Marathon base'),
     (187, 132.07, 'Stamina', 'Active lifestyle'),
     (188, 227.99, 'Stamina', 'Running volume'),
     (189, 232.08, 'Strength', 'Back day'),
     (190, 128.86, 'Weightloss', 'Fitness journey'),
     (191, 190.24, 'Strength', 'Gym newbie'),
     (192, 208.6, 'Weightloss', 'Weight tracking'),
     (193, 220.38, 'Stamina', 'Hiking stamina'),
     (194, 198.72, 'Weightloss', 'Transformation'),
     (195, 239.78, 'Weightloss', 'Losing weight'),
     (196, 189.91, 'Weightloss', 'Fat loss'),
     (197, 225.97, 'Weightloss', 'Scale progress'),
     (198, 159.61, 'Weightloss', 'Daily cardio'),
     (199, 121.85, 'Strength', 'Bodyweight king'),
     (200, 193.39, 'Weightloss', 'New start');

use GroupProject;

-- Payment Details (Users 1-200)
INSERT INTO payment_details (user_id, card_num, cvv, exp_month, exp_year) VALUES
      (1, '56022339242758462', 879, 8, 2033), (2, '3535839033724385', 535, 8, 2037), (3, '3528235204276934', 165, 3, 2034), (4, '3529901529246725', 488, 12, 2030), (5, '3550103097632111', 660, 3, 2030),
      (6, '6389984186021856', 138, 9, 2035), (7, '5002350009634177', 303, 10, 2027), (8, '3581442319566084', 731, 7, 2037), (9, '50185297835363569', 735, 11, 2035), (10, '5113450985500230', 455, 11, 2038),
      (11, '3580474499768009', 161, 2, 2033), (12, '3567931997557496', 128, 7, 2035), (13, '3539904796700547', 728, 3, 2034), (14, '3560143898971399', 214, 1, 2033), (15, '374622186817259', 305, 6, 2030),
      (16, '6376507733604083', 652, 2, 2038), (17, '201837111180289', 457, 1, 2027), (18, '3571672416446747', 272, 7, 2034), (19, '3567485599350578', 508, 3, 2028), (20, '4041595002239', 205, 12, 2029),
      (21, '3540727665557327', 894, 4, 2030), (22, '5561886420594071', 247, 1, 2027), (23, '3543732794179826', 730, 5, 2036), (24, '3558860926234151', 717, 4, 2038), (25, '3576645698914314', 861, 3, 2031),
      (26, '3541644688609770', 676, 1, 2029), (27, '4041376409015101', 560, 8, 2031), (28, '6767586658244907916', 668, 3, 2029), (29, '3537077161225010', 348, 10, 2037), (30, '5433985978007621', 802, 3, 2036),
      (31, '5602249352035947', 684, 7, 2034), (32, '3581323502679969', 161, 7, 2032), (33, '5100179866794845', 128, 10, 2032), (34, '4913696189357158', 157, 12, 2034), (35, '670662321923497282', 933, 3, 2038),
      (36, '630400927124780705', 559, 6, 2029), (37, '3588775738138594', 818, 1, 2033), (38, '5007668245980574', 390, 7, 2032), (39, '201582627204922', 378, 9, 2031), (40, '3587736228303438', 452, 12, 2035),
      (41, '3584696220087707', 667, 3, 2038), (42, '4913437439088545', 868, 9, 2028), (43, '5152961959666064', 711, 10, 2035), (44, '4041591168120203', 787, 12, 2034), (45, '5345974991812743', 498, 10, 2034),
      (46, '3570957207587655', 664, 9, 2028), (47, '3566244762194029', 541, 3, 2032), (48, '3535756663275423', 122, 3, 2036), (49, '3582404616807032', 127, 6, 2036), (50, '3559544841732486', 999, 6, 2030),
      (51, '4905600725806876', 990, 8, 2037), (52, '3577326374158612', 180, 3, 2028), (53, '490311293653366771', 199, 3, 2032), (54, '3564940923317068', 894, 6, 2032), (55, '5602253350005217', 791, 5, 2028),
      (56, '3544704802961213', 688, 9, 2027), (57, '3581975216099451', 880, 10, 2028), (58, '3578213220724392', 242, 1, 2038), (59, '5456978881327337', 132, 2, 2034), (60, '36476951162569', 179, 11, 2029),
      (61, '3565373607574383', 129, 6, 2037), (62, '201510713736655', 373, 3, 2032), (63, '3529658886278135', 668, 1, 2031), (64, '6761760085516592534', 976, 8, 2035), (65, '201998310456316', 191, 4, 2028),
      (66, '4936265458692520241', 804, 3, 2031), (67, '5100137936956224', 178, 1, 2034), (68, '3528768547943679', 112, 2, 2031), (69, '5602252925065896', 450, 4, 2034), (70, '3574394959687580', 335, 10, 2034),
      (71, '30296065853101', 592, 9, 2037), (72, '5100172344879395', 463, 4, 2037), (73, '3558674468977535', 697, 2, 2032), (74, '4936794437824025881', 281, 8, 2038), (75, '633311770578451916', 316, 7, 2037),
      (76, '3583036094407932', 540, 9, 2030), (77, '5038515704620306985', 847, 4, 2037), (78, '3534451216284327', 773, 3, 2029), (79, '3529998127955160', 206, 6, 2034), (80, '3583356539824438', 195, 2, 2035),
      (81, '3547665044520025', 763, 10, 2037), (82, '3581452098102399', 250, 8, 2033), (83, '5007666328612338', 388, 6, 2038), (84, '3532819474407966', 235, 4, 2033), (85, '4604497023085392', 810, 5, 2037),
      (86, '3553383453618691', 424, 8, 2038), (87, '5007669728761929', 788, 1, 2038), (88, '5425554110635408', 875, 10, 2028), (89, '6709641518437557768', 397, 10, 2027), (90, '3562502614766987', 342, 1, 2031),
      (91, '3579628485174943', 734, 6, 2033), (92, '4913610139284511', 356, 10, 2028), (93, '3579375547458134', 908, 9, 2035), (94, '201782172330383', 487, 2, 2034), (95, '3564786162509588', 918, 7, 2033),
      (96, '6334895455379328', 556, 9, 2036), (97, '374288218710191', 307, 10, 2034), (98, '5602221872441152', 541, 2, 2029), (99, '4017955097979783', 119, 12, 2034), (100, '3543006879255458', 721, 6, 2035),
      (101, '6762793061494289491', 336, 4, 2028), (102, '6331100105978426392', 923, 9, 2035), (103, '5602218933787862', 309, 7, 2029), (104, '5602241023387633', 180, 12, 2037), (105, '58931751524468501', 134, 7, 2030),
      (106, '5007667641804529', 765, 12, 2038), (107, '3576402884277555', 436, 3, 2032), (108, '6334692571466570', 632, 5, 2029), (109, '30422337319412', 986, 2, 2037), (110, '6334275613278541615', 527, 9, 2034),
      (111, '30342690286208', 772, 4, 2036), (112, '5100173916120432', 681, 5, 2032), (113, '5100142160548036', 890, 7, 2036), (114, '3537995071736257', 918, 7, 2033), (115, '3561946282262160', 556, 6, 2028),
      (116, '50389484604403933', 672, 4, 2028), (117, '3528661004738866', 938, 1, 2027), (118, '3545905613890462', 895, 12, 2036), (119, '201673708242129', 264, 5, 2032), (120, '3550729589590993', 393, 9, 2032),
      (121, '374283656498722', 946, 8, 2037), (122, '3584027580728948', 476, 8, 2029), (123, '5157198274038514', 363, 12, 2033), (124, '490591887794806958', 363, 4, 2031), (125, '201812275885254', 693, 7, 2036),
      (126, '5602255198678337', 587, 12, 2027), (127, '3536533255532506', 604, 10, 2038), (128, '3548667253063068', 870, 12, 2035), (129, '3569306421415397', 185, 2, 2032), (130, '30597654417210', 392, 12, 2037),
      (131, '4913039688264171', 812, 6, 2027), (132, '6333602928854411', 233, 10, 2034), (133, '677184979521530111', 701, 5, 2036), (134, '4911396531473504', 165, 6, 2037), (135, '3562054022029723', 974, 11, 2032),
      (136, '374283978083871', 688, 10, 2034), (137, '4913372850638785', 804, 12, 2032), (138, '3565338177378481', 320, 2, 2032), (139, '201479964298601', 802, 8, 2038), (140, '3539677635007072', 949, 7, 2027),
      (141, '5602211381906712', 719, 5, 2031), (142, '560223553774841847', 745, 6, 2032), (143, '3560163776640106', 358, 7, 2029), (144, '3532135522872915', 780, 4, 2030), (145, '3570559472753101', 381, 4, 2027),
      (146, '3544999591165097', 620, 9, 2038), (147, '3553792757161812', 574, 6, 2032), (148, '3556103706681263', 171, 3, 2030), (149, '5186961192117016', 793, 8, 2031), (150, '3551657458813726', 832, 4, 2031),
      (151, '3582144156203115', 727, 1, 2034), (152, '6763874440056192', 905, 8, 2032), (153, '3568176964067900', 892, 7, 2029), (154, '5564283765528657', 689, 5, 2034), (155, '3561448881665927', 198, 1, 2037),
      (156, '3563641099753349', 760, 4, 2038), (157, '3584649727891337', 646, 4, 2030), (158, '4903033234923739', 148, 2, 2034), (159, '337941484668404', 104, 3, 2038), (160, '3543103454642406', 942, 4, 2033),
      (161, '3584326521689478', 816, 4, 2033), (162, '3534346530409818', 916, 1, 2032), (163, '30556103540147', 860, 9, 2035), (164, '3572583376670748', 373, 8, 2032), (165, '5610832646745981', 692, 4, 2037),
      (166, '30017081984435', 290, 12, 2030), (167, '4041597850428457', 536, 3, 2029), (168, '3583720010885418', 472, 12, 2029), (169, '201942514289560', 365, 5, 2036), (170, '3551731209279071', 311, 4, 2031),
      (171, '3585724115059364', 299, 5, 2030), (172, '3543503064266357', 690, 8, 2030), (173, '374622454809053', 807, 10, 2027), (174, '3562964267240746', 125, 8, 2027), (175, '3561523810760914', 198, 5, 2031),
      (176, '201868426283195', 905, 9, 2037), (177, '3567524803049277', 865, 9, 2038), (178, '3558498088196791', 239, 11, 2036), (179, '6334616888025423', 248, 3, 2031), (180, '3552445785872295', 917, 3, 2037),
      (181, '3585688816095615', 833, 5, 2028), (182, '3585289572772313', 167, 3, 2031), (183, '4777524076808', 370, 8, 2030), (184, '4905885599479502947', 959, 10, 2037), (185, '4917967739015489', 711, 10, 2034),
      (186, '56107514770740516', 800, 11, 2028), (187, '30138575149879', 886, 10, 2035), (188, '5641824268644603', 518, 9, 2038), (189, '4905172418760661', 177, 9, 2037), (190, '630465646404545479', 483, 8, 2033),
      (191, '5002353396742678', 985, 2, 2031), (192, '5602237187905905', 521, 11, 2029), (193, '372301279984316', 908, 11, 2032), (194, '4903713259595592867', 237, 11, 2037), (195, '5108756677339563', 618, 4, 2029),
      (196, '56022452315331362', 855, 7, 2035), (197, '3539883699642370', 551, 9, 2027), (198, '3573617076556861', 327, 5, 2031), (199, '3585952333304110', 942, 8, 2027), (200, '4041590454401', 388, 12, 2036);

use GroupProject;

INSERT INTO Coach_Profiles (coach_id, user_id, bio, is_nutritionist, is_active, pricing) VALUES
     (1, 16, 'Certified Nutritionist and Strength Coach specializing in body recomposition. I help clients build sustainable eating habits while hitting PRs in the gym.', true, 1, 24.99),
     (2, 27, 'Holistic wellness coach with a focus on plant-based nutrition and functional movement. 10+ years of experience helping athletes optimize their fuel.', true, 1, 24.99),
     (3, 28, 'Precision Nutrition Level 1 certified. I bridge the gap between the kitchen and the weight room to ensure your hard work pays off.', true, 1, 24.99),
     (4, 38, 'Former collegiate athlete focusing on explosive power and agility. If you want to move faster and jump higher, I am your coach.', false, 1, 24.99),
     (5, 44, 'Specializing in corrective exercise and injury prevention. We build the foundation first so you can train pain-free for life.', false, 1, 24.99),
     (6, 56, 'High-intensity interval training (HIIT) expert. I design efficient, 30-minute workouts for busy professionals who need results fast.', false, 1, 24.99),
     (7, 76, 'Powerlifting enthusiast. I focus on the "Big Three"—Squat, Bench, and Deadlift. Let’s get you on the platform.', false, 1, 24.99),
     (8, 80, 'Bodybuilding specialist with an emphasis on hypertrophy and symmetry. I help clients prep for the stage or just look like they do.', false, 1, 24.99),
     (9, 82, 'Functional fitness coach. My workouts are designed to make everyday life easier, focusing on balance, core strength, and mobility.', false, 1, 24.99),
     (10, 86, 'Marathon runner and endurance coach. I provide customized running plans for everything from your first 5K to your fastest 26.2.', false, 1, 24.99),
     (11, 91, 'Yoga and flexibility instructor. I help weightlifters improve their range of motion and recover faster through dedicated mobility flows.', false, 1, 24.99),
     (12, 95, 'Kettlebell specialist. I believe in the power of simple, brutal tools to build unmatched work capacity and grip strength.', false, 1, 24.99),
     (13, 114, 'Senior fitness expert. It is never too late to start. I specialize in maintaining bone density and independence for clients 60+.', false, 1, 24.99),
     (14, 127, 'Post-partum fitness specialist. Helping new moms regain their strength and confidence in a safe, supportive environment.', false, 1, 24.99),
     (15, 147, 'Calisthenics and bodyweight master. No gym? No problem. I will teach you how to master your own bodyweight anywhere.', false, 1, 24.99),
     (16, 167, 'Youth sports performance coach. Building the next generation of athletes through proper mechanics and mental toughness.', false, 1, 24.99),
     (17, 168, 'Weight loss specialist. I have helped over 200 clients lose 20+ lbs and keep it off through lifestyle coaching and movement.', false, 1, 24.99),
     (18, 172, 'Olympic Weightlifting coach. Focus on the Snatch and Clean & Jerk. Technical precision is my top priority.', false, 1, 24.99),
     (19, 178, 'Boxing and conditioning coach. Get in fighting shape without ever taking a punch. High energy, high intensity.', false, 1, 24.99),
     (20, 188, 'Strongman competitor and coach. We use unconventional implements like sandbags and stones to build "farm strong" muscle.', false, 1, 24.99),
     (21, 197, 'General population coach. I help normal people fit fitness into their chaotic lives without making it a second full-time job.', false, 1, 24.99),
     (22, 200, 'Hardcore hypertrophy coach. 100% effort, every set, every rep. Not for the faint of heart.', false, 1, 24.99);

use GroupProject;

-- Daily Survey Results (Users 1-200)
INSERT INTO Daily_Survey (survey_id, user_id, result) VALUES
      (1, 1, 4), (2, 2, 4), (3, 3, 2), (4, 4, 3), (5, 5, 3), (6, 6, 4), (7, 7, 5), (8, 8, 1), (9, 9, 2), (10, 10, 3),
      (11, 11, 5), (12, 12, 4), (13, 13, 1), (14, 14, 5), (15, 15, 3), (16, 16, 4), (17, 17, 2), (18, 18, 4), (19, 19, 1), (20, 20, 5),
      (21, 21, 4), (22, 22, 4), (23, 23, 3), (24, 24, 4), (25, 25, 3), (26, 26, 2), (27, 27, 4), (28, 28, 2), (29, 29, 5), (30, 30, 1),
      (31, 31, 4), (32, 32, 4), (33, 33, 5), (34, 34, 4), (35, 35, 4), (36, 36, 2), (37, 37, 5), (38, 38, 1), (39, 39, 3), (40, 40, 3),
      (41, 41, 4), (42, 42, 4), (43, 43, 1), (44, 44, 3), (45, 45, 2), (46, 46, 1), (47, 47, 1), (48, 48, 1), (49, 49, 1), (50, 50, 5),
      (51, 51, 2), (52, 52, 2), (53, 53, 1), (54, 54, 2), (55, 55, 3), (56, 56, 2), (57, 57, 3), (58, 58, 2), (59, 59, 3), (60, 60, 4),
      (61, 61, 2), (62, 62, 2), (63, 63, 5), (64, 64, 3), (65, 65, 2), (66, 66, 2), (67, 67, 1), (68, 68, 2), (69, 69, 4), (70, 70, 3),
      (71, 71, 2), (72, 72, 5), (73, 73, 1), (74, 74, 1), (75, 75, 3), (76, 76, 2), (77, 77, 4), (78, 78, 2), (79, 79, 4), (80, 80, 5),
      (81, 81, 3), (82, 82, 4), (83, 83, 2), (84, 84, 5), (85, 85, 3), (86, 86, 3), (87, 87, 4), (88, 88, 2), (89, 89, 5), (90, 90, 1),
      (91, 91, 4), (92, 92, 4), (93, 93, 4), (94, 94, 4), (95, 95, 4), (96, 96, 3), (97, 97, 4), (98, 98, 1), (99, 99, 4), (100, 100, 5),
      (101, 101, 2), (102, 102, 5), (103, 103, 1), (104, 104, 5), (105, 105, 5), (106, 106, 1), (107, 107, 2), (108, 108, 5), (109, 109, 4), (110, 110, 4),
      (111, 111, 5), (112, 112, 4), (113, 113, 3), (114, 114, 1), (115, 115, 4), (116, 116, 5), (117, 117, 5), (118, 118, 1), (119, 119, 4), (120, 120, 4),
      (121, 121, 2), (122, 122, 1), (123, 123, 2), (124, 124, 3), (125, 125, 5), (126, 126, 2), (127, 127, 4), (128, 128, 4), (129, 129, 2), (130, 130, 1),
      (131, 131, 3), (132, 132, 3), (133, 133, 4), (134, 134, 5), (135, 135, 4), (136, 136, 4), (137, 137, 5), (138, 138, 1), (139, 139, 5), (140, 140, 1),
      (141, 141, 5), (142, 142, 4), (143, 143, 3), (144, 144, 3), (145, 145, 3), (146, 146, 1), (147, 147, 4), (148, 148, 5), (149, 149, 2), (150, 150, 5),
      (151, 151, 5), (152, 152, 5), (153, 153, 3), (154, 154, 2), (155, 155, 4), (156, 156, 1), (157, 157, 1), (158, 158, 3), (159, 159, 5), (160, 160, 5),
      (161, 161, 1), (162, 162, 4), (163, 163, 2), (164, 164, 3), (165, 165, 4), (166, 166, 4), (167, 167, 3), (168, 168, 1), (169, 169, 3), (170, 170, 2),
      (171, 171, 2), (172, 172, 5), (173, 173, 1), (174, 174, 3), (175, 175, 2), (176, 176, 1), (177, 177, 4), (178, 178, 1), (179, 179, 3), (180, 180, 5),
      (181, 181, 2), (182, 182, 2), (183, 183, 3), (184, 184, 3), (185, 185, 3), (186, 186, 1), (187, 187, 5), (188, 188, 3), (189, 189, 4), (190, 190, 3),
      (191, 191, 5), (192, 192, 4), (193, 193, 2), (194, 194, 5), (195, 195, 2), (196, 196, 3), (197, 197, 4), (198, 198, 4), (199, 199, 2), (200, 200, 4);

INSERT INTO Daily_Survey (user_id, result) VALUES
-- Additional data for User 7
(7, 4),
(7, 3),
(7, 5),
(7, 2),
(7, 4),

-- Additional data for User 16
(16, 5),
(16, 5),
(16, 4),
(16, 3),
(16, 5);

use GroupProject;

-- Coach Requests (Mapping Subscriptions and Pending Inquiries)
INSERT INTO Coach_requests (request_id, user_id, coach_id, comment, status) VALUES
    (1, 7, 1, NULL, 'accepted'),
    (2, 23, 2, NULL, 'accepted'),
    (3, 31, 3, NULL, 'accepted'),
    (4, 43, 4, NULL, 'accepted'),
    (5, 57, 5, NULL, 'accepted'),
    (6, 64, 6, NULL, 'accepted'),
    (7, 72, 7, NULL, 'accepted'),
    (8, 81, 8, NULL, 'accepted'),
    (9, 99, 9, NULL, 'accepted'),
    (10, 101, 10, NULL, 'accepted'),
    (11, 121, 11, NULL, 'accepted'),
    (12, 123, 12, NULL, 'accepted'),
    (13, 131, 13, NULL, 'accepted'),
    (14, 194, 14, NULL, 'accepted'),
    (15, 135, 15, NULL, 'accepted'),
    (16, 166, 16, NULL, 'accepted'),
    (17, 179, 17, NULL, 'accepted'),
    (18, 181, 18, NULL, 'accepted'),
    (19, 192, 19, NULL, 'accepted'),
    (20, 200, 20, NULL, 'accepted'),
    (21, 53, 5, NULL, 'rejected'),
    (22, 22, 13, NULL, 'pending'),
    (23, 127, 10, NULL, 'pending'),
    -- New requests for Coach 16
    (24, 45, 1, 'Looking to start a new powerlifting routine!', 'pending'),
    (25, 88, 1, 'I need help with my squat form.', 'pending'),
    (26, 112, 1, 'Heard great things, would love to work with you.', 'pending'),
    (27, 140, 1, 'Ready to hit my weight loss goals.', 'pending');

use GroupProject;

-- Coach Subscriptions (Mapping Users to Coaches)
INSERT INTO coach_subscriptions (subscription_id, user_id, coach_id) VALUES
     (1, 7, 1),
     (2, 23, 2),
     (3, 31, 3),
     (4, 43, 4),
     (5, 57, 5),
     (6, 64, 6),
     (7, 72, 7),
     (8, 81, 8),
     (9, 99, 9),
     (10, 101, 10),
     (11, 121, 11),
     (12, 123, 12),
     (13, 131, 13),
     (14, 194, 14),
     (15, 135, 15),
     (16, 166, 16),
     (17, 179, 17),
     (18, 181, 18),
     (19, 192, 19),
     (20, 200, 20),
     (21, 45, 1),
     (22, 88, 1),
     (23, 112, 1),
     (24, 140, 1);

use GroupProject;

INSERT INTO Coach_reviews (review_id, user_id, coach_id, rating) VALUES
     (1, 24, 1, 4),
     (2, 23, 2, 3),
     (3, 31, 3, 2),
     (4, 43, 4, 3),
     (5, 57, 5, 2),
     (6, 64, 6, 3),
     (7, 72, 7, 2),
     (8, 81, 8, 4),
     (9, 99, 9, 2),
     (10, 101, 10, 3),
     (11, 121, 11, 5),
     (12, 123, 12, 3),
     (13, 131, 13, 2),
     (14, 194, 14, 3),
     (15, 135, 15, 3),
     (16, 166, 16, 2),
     (17, 179, 17, 1),
     (18, 181, 18, 2),
     (19, 192, 19, 4),
     (20, 200, 20, 5);

use GroupProject;

INSERT INTO coach_reports
(reporter_id, coach_id, reason, status, create_date, last_update)
VALUES
    (1, 2, 'Coach repeatedly missed scheduled sessions without notice.', 'pending',  '2026-03-10 09:15:00', '2026-03-10 09:15:00'),
    (2, 3, 'Inappropriate language used during a live training call.', 'reviewed', '2026-03-11 14:22:00', '2026-03-12 10:05:00'),
    (3, 4, 'Shared incorrect nutrition advice that conflicts with program guidelines.', 'pending',  '2026-03-12 08:40:00', '2026-03-12 08:40:00'),
    (4, 5, 'Coach asked for payment outside the platform.', 'dismissed', '2026-03-12 17:30:00', '2026-03-13 11:20:00'),
    (5, 6, 'Unresponsive to messages for over two weeks.', 'reviewed', '2026-03-13 12:10:00', '2026-03-14 09:45:00'),
    (6, 7, 'Provided copied workout plan that did not match stated goals.', 'pending',  '2026-03-14 15:55:00', '2026-03-14 15:55:00'),
    (7, 8, 'Canceled sessions multiple times at the last minute.', 'reviewed', '2026-03-15 10:05:00', '2026-03-16 13:10:00'),
    (8, 9, 'Made unprofessional comments in group chat.', 'dismissed', '2026-03-16 19:25:00', '2026-03-17 08:30:00'),
    (9, 10, 'Failed to provide any progress feedback after onboarding.', 'pending',  '2026-03-17 11:50:00', '2026-03-17 11:50:00'),
    (10, 11, 'Repeatedly extended session times without consent and billed extra.', 'reviewed', '2026-03-18 16:40:00', '2026-03-19 09:00:00');

use GroupProject;

INSERT INTO coach_availability
(coach_id, DOW, start_time, end_time, create_date, last_update)
VALUES
    -- Coach 1
    (1,  'M',   '08:00:00', '11:00:00', '2026-03-10 08:00:00', '2026-03-10 08:00:00'),
    (1,  'W',   '14:00:00', '18:00:00', '2026-03-10 08:01:00', '2026-03-10 08:01:00'),
    (1,  'F',   '09:00:00', '12:00:00', '2026-03-10 08:02:00', '2026-03-10 08:02:00'),
    (2,  'T',   '10:00:00', '13:00:00', '2026-03-10 08:03:00', '2026-03-10 08:03:00'),
    (2,  'TH',  '15:00:00', '19:00:00', '2026-03-10 08:04:00', '2026-03-10 08:04:00'),
    (2,  'SAT', '08:30:00', '11:30:00', '2026-03-10 08:05:00', '2026-03-10 08:05:00'),
    (3,  'M',   '13:00:00', '17:00:00', '2026-03-10 08:06:00', '2026-03-10 08:06:00'),
    (3,  'T',   '07:30:00', '10:30:00', '2026-03-10 08:07:00', '2026-03-10 08:07:00'),
    (3,  'SUN', '16:00:00', '19:00:00', '2026-03-10 08:08:00', '2026-03-10 08:08:00'),
    (4,  'W',   '09:00:00', '12:00:00', '2026-03-10 08:09:00', '2026-03-10 08:09:00'),
    (4,  'F',   '14:00:00', '18:00:00', '2026-03-10 08:10:00', '2026-03-10 08:10:00'),
    (4,  'SAT', '12:00:00', '16:00:00', '2026-03-10 08:11:00', '2026-03-10 08:11:00'),
    (5,  'M',   '06:30:00', '09:30:00', '2026-03-10 08:12:00', '2026-03-10 08:12:00'),
    (5,  'TH',  '11:00:00', '14:00:00', '2026-03-10 08:13:00', '2026-03-10 08:13:00'),
    (5,  'SUN', '10:00:00', '13:00:00', '2026-03-10 08:14:00', '2026-03-10 08:14:00'),
    (6,  'T',   '09:00:00', '12:00:00', '2026-03-10 08:15:00', '2026-03-10 08:15:00'),
    (6,  'W',   '17:00:00', '20:00:00', '2026-03-10 08:16:00', '2026-03-10 08:16:00'),
    (6,  'F',   '08:00:00', '11:00:00', '2026-03-10 08:17:00', '2026-03-10 08:17:00'),
    (7,  'M',   '15:00:00', '19:00:00', '2026-03-10 08:18:00', '2026-03-10 08:18:00'),
    (7,  'TH',  '07:00:00', '10:00:00', '2026-03-10 08:19:00', '2026-03-10 08:19:00'),
    (7,  'SAT', '13:00:00', '17:00:00', '2026-03-10 08:20:00', '2026-03-10 08:20:00'),
    (8,  'T',   '12:00:00', '16:00:00', '2026-03-10 08:21:00', '2026-03-10 08:21:00'),
    (8,  'W',   '08:00:00', '10:00:00', '2026-03-10 08:22:00', '2026-03-10 08:22:00'),
    (8,  'SUN', '14:00:00', '18:00:00', '2026-03-10 08:23:00', '2026-03-10 08:23:00'),
    (9,  'M',   '10:00:00', '14:00:00', '2026-03-10 08:24:00', '2026-03-10 08:24:00'),
    (9,  'F',   '07:30:00', '10:30:00', '2026-03-10 08:25:00', '2026-03-10 08:25:00'),
    (9,  'SAT', '15:00:00', '19:00:00', '2026-03-10 08:26:00', '2026-03-10 08:26:00'),
    (10, 'T',   '08:30:00', '11:30:00', '2026-03-10 08:27:00', '2026-03-10 08:27:00'),
    (10, 'TH',  '13:00:00', '17:00:00', '2026-03-10 08:28:00', '2026-03-10 08:28:00'),
    (10, 'SUN', '09:00:00', '12:00:00', '2026-03-10 08:29:00', '2026-03-10 08:29:00');

use GroupProject;

INSERT INTO coach_certifications (certification_id, coach_id, file_url) VALUES
    (1, 1, 'http://127.0.0.1:5000/static/certifications/nasm-certificate.jpg'),
    (2, 2, 'http://127.0.0.1:5000/static/certifications/nasm-certificate.jpg'),
    (3, 3, 'http://127.0.0.1:5000/static/certifications/nasm-certificate.jpg'),
    (4, 4, 'http://127.0.0.1:5000/static/certifications/nasm-certificate.jpg'),
    (5, 5, 'http://127.0.0.1:5000/static/certifications/nasm-certificate.jpg'),
    (6, 6, 'http://127.0.0.1:5000/static/certifications/nasm-certificate.jpg'),
    (7, 7, 'http://127.0.0.1:5000/static/certifications/nasm-certificate.jpg'),
    (8, 8, 'http://127.0.0.1:5000/static/certifications/nasm-certificate.jpg'),
    (9, 9, 'http://127.0.0.1:5000/static/certifications/nasm-certificate.jpg'),
    (10, 10, 'http://127.0.0.1:5000/static/certifications/nasm-certificate.jpg'),
    (11, 11, 'http://127.0.0.1:5000/static/certifications/nasm-certificate.jpg'),
    (12, 12, 'http://127.0.0.1:5000/static/certifications/nasm-certificate.jpg'),
    (13, 13, 'http://127.0.0.1:5000/static/certifications/nasm-certificate.jpg'),
    (14, 14, 'http://127.0.0.1:5000/static/certifications/nasm-certificate.jpg'),
    (15, 15, 'http://127.0.0.1:5000/static/certifications/nasm-certificate.jpg'),
    (16, 16, 'http://127.0.0.1:5000/static/certifications/nasm-certificate.jpg'),
    (17, 17, 'http://127.0.0.1:5000/static/certifications/nasm-certificate.jpg'),
    (18, 18, 'http://127.0.0.1:5000/static/certifications/nasm-certificate.jpg'),
    (19, 19, 'http://127.0.0.1:5000/static/certifications/nasm-certificate.jpg'),
    (20, 20, 'http://127.0.0.1:5000/static/certifications/nasm-certificate.jpg'),
    (21, 21, 'http://127.0.0.1:5000/static/certifications/nasm-certificate.jpg'),
    (22, 22, 'http://127.0.0.1:5000/static/certifications/nasm-certificate.jpg');

use GroupProject;

-- Merged Exercise Inserts
INSERT INTO exercises (name, muscle_group, equipment_needed, is_removed, video_url, thumbnail)
VALUES
    ('Bench Press', 'Chest', 'Free Weight', 0, 'https://youtu.be/SCVCLChPQFY?si=0jJ1gaYEiZaFUuTp', 'http://127.0.0.1:5000/static/workouts/benchpress.jpg'),
    ('Push Up', 'Chest', 'Body Weight', 0, 'https://youtu.be/WDIpL0pjun0?si=qJeorvjT1FngIn3a', 'http://127.0.0.1:5000/static/workouts/pushups.jpg'),
    ('Squat', 'Legs', 'Free Weight', 0, 'https://youtu.be/xqvCmoLULNY?si=wh9BbM8pCWEzP-nw', 'http://127.0.0.1:5000/static/workouts/squat.jpg'),
    ('Crunches', 'Core', 'Body Weight', 0, 'https://youtu.be/9T4WQGlKCRk?si=5Drr5v8w1djOUhQn', 'http://127.0.0.1:5000/static/workouts/crunches.jpg'),
    ('Jogging', 'Cardio', 'Machine', 0, 'https://youtu.be/P8fmIvqQEf4?si=RmbqI5mqI-ZQcV72', 'http://127.0.0.1:5000/static/workouts/jogging.jpg'),
    ('Shoulder Press', 'Arms', 'Free Weight', 0, 'https://youtu.be/0JfYxMRsUCQ?si=BBQ5voUFpbwdEMQH', 'http://127.0.0.1:5000/static/workouts/shoulderpress.jpg'),
    ('Lat Pull down', 'Back', 'Machine', 0, 'https://youtu.be/AOpi-p0cJkc?si=X16IPY0FbbVJE7n6', 'http://127.0.0.1:5000/static/workouts/latpulldown.jpg'),
    ('Curls', 'Arms', 'Free Weight', 0, 'https://youtu.be/6DeLZ6cbgWQ?si=vYmm8KP-UMPasG81', 'http://127.0.0.1:5000/static/workouts/curls.jpg'),
    ('Skull Crushers', 'Arms', 'Free Weight', 0, 'https://youtu.be/GaK2da6B2zM?si=H8wjnsWGOiIm_JnU', 'http://127.0.0.1:5000/static/workouts/skullcrushers.jpg'),
    ('Cable Extensions', 'Arms', 'Machine', 0, 'https://youtu.be/JDEDaZTEzGE?si=JLtn1lNg7wkZhex-', 'http://127.0.0.1:5000/static/workouts/cableextensions.jpg'),
    ('Pull up', 'Back', 'Body Weight', 0, 'https://youtu.be/Q_7jVfN4FRQ?si=QnpFpfvx-DkS7rH6', 'http://127.0.0.1:5000/static/workouts/pullup.jpg');

use GroupProject;

insert into weekly_meals(coach_id, user_id) values (1, 16);
insert into weekly_meals(coach_id, user_id) values(2, 27);
insert into weekly_meals (coach_id, user_id) values(3, 28);

insert into meal_plans (DOW, meal, weekly_meal_id) values ('M', 'Chicken & Rice, 200g Chicken 100g Rice', 2);
insert into meal_plans (DOW, meal, weekly_meal_id) values ('T', 'Beef & Rice, 200g Beef, 100g Rice', 2);
insert into meal_plans (DOW, meal, weekly_meal_id) values ('M', 'Salmon and Broccoli', 3);
insert into meal_plans (DOW, meal, weekly_meal_id) values ('TH', 'Beef & Potatos', 3);
insert into meal_plans (DOW, meal, weekly_meal_id) values ('W', 'Chicken & Broccoli, 250g Chicken', 3);

INSERT INTO calorie_logs (user_id, log_date, calories) VALUES
(7, '2026-04-23', 2400),
(7, '2026-04-24', 2550),
(7, '2026-04-25', 2600),
(7, '2026-04-26', 2300),
(7, '2026-04-27', 2450),
(7, '2026-04-28', 2500);


-- update the coaches profiles to have their names and profile pictures
update user_profiles
set first_name="Sam", last_name="Sulek", profile_picture_url="data:image/jpeg;base64,/9j/4AAQSkZJRgABAQAAAQABAAD/2wCEAAkGBxMSEhASEhIVFRUVDxAQFRUVFRUVFRUXFRUWFxUVFRUYHSggGBolHRUVITEhJSkrLi4uFx8zODMtNygtLisBCgoKDg0OFxAQFS0dHR0tKystLS0tLSstKy0tLS0tKy0tLS0tLS0tLSstLS0tKy0tLS0rLS0tLTctLy0tLTcrL//AABEIAMkA+wMBIgACEQEDEQH/xAAbAAABBQEBAAAAAAAAAAAAAAADAQIEBQYAB//EAEUQAAEDAQUEBgcFBQcFAQAAAAEAAhEDBAUSITFBUWGRBhMicYGhMkJSscHR8BUjouHxM1NygpIWYmNzwtLiFCRDk7IH/8QAGQEBAQEBAQEAAAAAAAAAAAAAAAECAwQF/8QAIhEBAQEBAAICAgIDAAAAAAAAAAECEQMhEjFBURPxBCJh/9oADAMBAAIRAxEAPwDzhclhcAsNkSJ8LoUU2F0IgauhDgYalhOhdCBi5PhcGoBwuhFDUuFALCuhFDVxCoDCQtR4SFqgDhXQilq7CgFhSYUYtSYVQLCkLUbCkwogMJIR8KTCgCkhGwpMKoCkhGLU3CoBQkhFwriEAYXQiwkhVOJmFdCJC7CstGQlhPDUuFDpkJIRcK7AgFC6EbAu6pAIMTsKM2ml6tUAwpcKP1a7qlADCuwqR1S7qkRGwpMKkmmiCzeCvKdQsK7CprrON6YKScsOouFJhUvqknVIqLCTCpXVJW0CSAASSYAGZJ3AIiHhXFq0VLoraHNDg1onPCXAO8Rs7ig1ejlobrT/ABN+anWvhr9KLCkLVNq2YtMOaQdxBB80M01esouFIWqV1STqlURcKaWqX1Sb1SgiFq7ApXVJvVoo4CWEoCdCIaAlhOhdCKQBOXAJ0IpAFcWW4HkTUcKQgESMTs+AOXiVYXBcgaBWr5R2mtOzi7jwVP0svmXjq8YpkQX+qXDQt+s/BZt/Trnx+u1o7P0ZoNbic57+4gDkPmnOuSyZwKhhpd6ULDWDpBaGVGfeHAJxNnIt2gDaVtrFfVNzahaQSQwZZxM5His+3WZz+lVf11NpHFSnBDZxGSC6Y8DCqJWw6RVQ+laIGjqI8/zWPhay4+WSX05cSuKrryt+EEBq05JxeAJO2I3nUZb81Dtd8Mp+ke1uGbuQ08SFQVrVVqEw54gBsF2YAywyAMuChikBqt9OVb2npNUOVNrWjeRiPnkFEZflcH054FrY8godJk5AItrsjqZDajS0kAidoO0KdPjedX92X22oQx4wuOQ9lx4bjwVusTZLLid6YaGkSc5HEDeto1wIkaHMKVI6QrronRDq8+zTc4cDkPiViLRbqgc8B5yc4DTYTwVl0bvO0tqxSguqNNOamTROczsWLXpx4rLLa9LbTyaZjsGO/eqi9b1bRYH1XuI07Jzk6ATsWYtfSe0Ne+nhaHMBpmMThPtAqivK8X1sIqGQAIAyB4neVmR3uv01Q6Ssr1W0w2WOMQRMnKO48Uy97B1TsvROnDhKy90VsNek6Q0B2ROgOma9Or0m1qUH2Rz3yr3jlc/Kf9Ygrka00CxxadR5jYUFdHkvo0ppTiE0hQNKRKUiA4auwp8JYQMhKAngJQ1FI1kkAZnQALS3PdDWdur6WwbGn4lddF3BmZEv/wDngOKuC0jZ558tqxa9GPHz3QbS4OBkS0DSDn3rC3hSFaqSXBwacIDMqbf7jRtjad+SuekludhLW5TlkVWWagGNDRs9+1Mw8muIlou1jojskbviFDfdlQDsuB9/mrzClDVvjjN2IdkcSGg0y3A2C5znE1HHVzgTGSkYUUNS4EkTWrq9QLfVwMcZAyynf8VnLTVNUyHACIz1J1Vr0nbk3xHu+YWZbUAVRc9HaWKsWzGUd5PDfqtJ/Z6i39o2ZJM7TJ/NZm464p1GvGzU8eC3NK0tqjEfVzA4rnq3r2eDMufaub0ZIJNCmwkOENqGIB0J39yqbzsVoq1OrtGfVtIY5vojPNreHyW6u2wMDusxVDjJce0WxOwYYgKD0hswkND8EOHamYEy6Z1MTtSV2145x5rSYKVV4cdmR8/gtTZAMIjTZ3LOXrSHWktMy2Z4kkj3haG6Q40WF2paD4bPn4ro+dqc1YqLXQAc+Xj0ieZQwA0ZVfWGnCc/IJ7m9qpNPF944Dd6URzS4ZmKH1HcsPb+P6DOs9dqePnmm4Wk+nsGozJkiByCfrB6oRGWo4+OSe2m6f2OyIiNs6+Xggm3eGgMcPVqHM56hoOzReh2TNoGzZGi8+uykerc0j13iPBq21wPhoa45gAZ55KaYx92FvewCo3cQTB3Ze5ZSrTLSWuEEGCvQbQwEcPrYs1fVlkF8ZtOfcT8JTNZ8vj7OxQJpCLhSFq28oRakwouFdhQEAToTsKWEDcKnXZS7WI+qMXiNFEOQnxQ7BeWF8bHNLfHUKX6dPHJa19OsBnptTLZb5GUnuVXZb2aAA4AndK6021jhk0tPeCPyWHp71W21pe7E7IYhA3mU+FbXZcJqObUqEgbG6HTU7loxctHD6A5JnXGPJ47axACWFo7f0djNhjgdPyQrBcjSe27wC3844/xa6ooXQtq25aEegD4n3yq+13A2JYS07jm35hPnGv4NPP+lFPsNdxLee3yWQcAvROkl2u6p7SO0AS3cTEZc150Qtxxs56rTXRduOhjaPWcRxjL4KVZrWaMEa6kfBW/QthFFrHiMjrlqTqg37cIBLmOMGTC42+3vzOZlR3dKazfQyUCtftRwdjiCDJ7/iqirLSQZlBru7OftBakc97vOrK4bOKznPJILSMpjL1e/QrUlqq+jFkhhfteZ8BMLWWC5X1IJ7DeIknuC1bx5s5ur6YFzO0+aobFV+W3JxM8FwaMvv8AKIOuk5xmvTKHQexiS9jnkkuJc9w1M6NICj2/oNY3A4A+md7Xkjk+clz69/Y84AEwK2QAAOcHLOPMJ0iY606Ek5xMxGu5ayw//npx/e1gaezAIe7vmQ3z8FpaXQ+yNbHUtPFxc48yU6t5+2Euodg5z944zv0WwsjQQHNzMAka+KdV6N02j7oYBJMAkjzPBRKd2OpEFpJIGUakbQJ90qasc85stq1xuMZbYyVffGVKsT7HVgb3PMBRq97BpwtxTG0GRvzOqor7vYkUmHL0nkTnuEx4qyJdcdTMzwJHJKWquuW0431RM5NcOZHxCtyF0jya+wMKSEfCm4UZOhdCVKAqI9ucRTcQJyz7tqoHVATrC1LWqgvO7erJcBLJnLVvfwUsbxUu72teP2jhvg/EhaO7KFNnbkvI0n0W9288T4LEWUtBBLst20+C0VkvDIASsWPRmtN9sRE7EX7ZyiZkb1krVVJzHJVL7TUYdsbviNynFunplK98QbxH6hRL8vB1JnXMEtEYxoQPa7lhLuv/AKsuxYiDs47wtBYL4FWcQABERtI4qWcPk0ly3qarQ4DI5gq46xYa5rU2gSxjpaHuDeAJmFqG29uGSRkJKVvN9GXkGnswCSDMgGAszaei9PGKjKWLNocJEkTOITGYgd+asxXxEuPrGe4bFOsdaQW7QfohdbOZefFnk8ntRVoY5pgtLY7JBAHEb9dc1b1sFRokEyNYClWqiHCHARr3EaEHYVCo1B28RazDiMYmgOBP/jZMnUA/Jc+PXfX39Mr0juRvpMieBBnks5Z7oq1iGtY6JzOwRvOxenGzCpBw4W7Zyee7azSd6NUwthjQBlnwC1n7cfJmctvpDuuxingx4SeyMhAHcCtOwgLN1n71Ps14DACddD4K+Sflz/x9feU622stEgE7cgSsvZb/AH16/VMacpLydGgak+OSk3rfAAInYc1Aui3UKdJzgZdUc573k5kycu4DJc3W3209a2BoUR998Vk7de5ObXZbJVT9pOJiDxw5+RKSF23Va9dn1GwJ9O0ksk57lj6VoJJOYGQGLXIDkplW84bhBIy2GFbCaTLfe1nh3W5EajOeSw95Wtj6rnMBjQTnkNyl3na6b/T10xDM+KrrLQNR2Ci2SdXGYaN5Oxbkct6Sejzia5wjLA4O3cDzAWowoN23c2izCMyc3O9o/AcFJhacLQ8KSEWEkKIEAngLg1KAqOCdC4BEaEFDeVxTLqWR1LNB/KdncqgVnsJaZEagyCtuAhWmwsqiHtB3HQjuIzRub4ydO84+j7kC03g5+Wg3A68Sry0dFQc2VCODhi8xCiO6K1dj6f4h5Qpxv5qMvKex1Q5tnLcrir0Wqta52NhIBMDFnGwFWV0XV2GkEZiSVLeE9/TN2a2uacycznPmtNZb1LmNbvOfcFSX5dppuJ1BOq6xSIiZ+KufftNasnG4sj52KUTpsIGREKhstYgDF+fJTm151Mro4LVtsMEOE8RkeRy80tmtLAHgzmMhhJ9whVfWnelFUrNxHfPn3Pysf+qMdkRxPwHzTabs89TmTv8AJQTUXddCskjnvet33Uu1mOSpKl5YS8bCPd+SlWm05HyWUvN+LF4pZ2Jm8vUG9b1dUJAOXvUSm9+HIOLRyS2CxOqugeK2l33WxtMtOsGRvXPvHaS69sS60uccyjUba5kwdkd3EKXa7ne+q5tFuKBLs2iJOWpCe3ozafYaO97fgqz3iJ9oO8N3xQK1rcdqu7P0Rqn03saP7svPwCvLvuCjSggYnD1n5kdw0CqXTN3T0ffVh9SWM/E7uB0HH9VrKFmbTaGsaGgbB8d54qWWpCEYtAhIQjFqYWoBFqbCNhSYUAAE4BODU4BQI0JwSgJwaqOaE8BcAnBqBAE6EsJ0IGlsgjeCFlbutTmEsJzBLY3EZFa0BZXpHZurqioMmv1/iGvPI81mumLypVucDScXZ7p2nYqmk8szAkptW0hxDRoMzO/9EVtMkSNy1mcjPk12jUL3cD26R7xmVOpW5jtCe6FT/eTEfXiiQ4bWg/xt+a05rsWgZdrZ9ZJRaRvVJSov1Lh4Fp9xUpgjf4BVVl13FI6r9fkq6paSNh8YHvUOrb8kRNt1uywjbqqyqZQuukkhOziVBa3FTDGOcInE4FDvG3kDI/W5QbNasJLToffs+XJQbTUdUeGNzJcGgbyTAC589vRnf+rS9D2Fwr1TPae1gnc0E/6vJaKEG67CKNJlMZ4Rmd7jm48yVLhVytDhcn4UmFEMhJCIWpsIBlqYWoyQtQBIXQiFqagiNrs9tvMIgrN9pvMLNNCUhVOtOHt9ocwngjeOYWXajtKcXrSNjeE4LNyuaEGnwpwaswJRA47zzTg0oaod7WHrqT2bYlp3OGn1xVPjPtHmU7rne07mU4MzQbhJBEEEyDlEagqeH5YnPws4CZ7kG9qJDsWx5zPKfmqxxNR0DTQDYAFpFy28KTsm0nv4mFNpVR7Ef0j3NVZTDQA3Pdlt80Voa3YeQ+aC4baBGg5ykNpB2eaqX1u/mB81wrE+rzlEWj6oI0b4gx71DrNB20x/I35oAedw8017Z0a368UCPy9nkB7lEdV4BSC8DItZ4AKprVi0ubyQFtLxBWg6E3ViP/UvnIltPjkQ5x37QPFZaiw1HAb9eHFbSyX06mxrGsphrWhoEO0H8ylVp8KbCom9IX/u2c3fNP8A7Qu/dN/qPyU4q6hdCph0g/wvx/8AFOF//wCF+P8A4pyi2KbCrBfo/dn+ofJL9uM/du5hOCxwpC1V/wBt0/Zf+H5pftun7L+Tf9ynBOwpMKhfbVL2X8m/7kn2zT3P5D5qjOApwTYTgFUOajAoTUUBA+EoTUoCgeuBTSVzVVPSpAuQBttPExwiTBI74yWfsoDBiOp0+ZWmVXaQGuPZBzJ3HPNVESjaH67OACc+1k+seQ+SBabRsGSAxp+gEEo2j+8eZS4t7jzKC2kZ/QJ2HiED+tHBKLQNMkJ3f7/gFErmD+qCdaKUjE3yVdaQTDu8eIUiyW4tMHRSrVQbEtkh0EbhvCIZc1KAX7+yPDVWQKDRphrQ0bB+pTg5FHaU6UDElxICynByBiXB6A+JJiQsS7EoClySUOUsoHyklNlNlA5qeENqcEQViKgtRggVpSympwRSrkkrkDpXSmyuJQKSotppT9SEclJixfdgS5xjuG0+5UVD7PJJiYQ61MMbicDJ0G5WVursodkQ5w171U0Q6vUxP0Alx0AAQPosDWYnNzdppon0iNjfNJaKwc6AGkDIQXIhqnQM+XuQCqd3mfkkNDrGmB2hnxIS1DwHJ3wQG2lzCHNGm4H4oiM+zHcjWNzv2Z3gjw15j3BXVnp9cMcRlmqy9G4XNIEQippKbKZiTSUQYFLKCHJcSKLiXShYl2JBIBSyo4elxKA8pZUbGl6xFSJTUHGkxoJLSngoLUQKsigozVHYjNKB6VDlLKB65NldKKVdKbKQlApUKvbDTccI7TmwHey3c3ic80S2WkU2lxz2AbzsCz7bS8OxTLjqHAOaeEHZ7kFlTsWKXOIAGZkgE9yHXt+WFjA1o3anvU+xX9SeMNokAeqBjaTwJOJviT3qwomg7tUrKxwOhL2z/S4+5BQ2e07SWN4EH5I5tROlRg8CFbWgkR/2X4HeRAhR3W07LCJ403n/AEqiqJquMMId/DmltFktNMYn03Bu8R8NFc07xtejLOGcW0Tl4QjGkCMVoNpMbOrwt/pzURT2K3Pp+yxuva7TuQzXXha6VWC1xxSJaWkAxqQdi68hYoJY+qD7J2/1D4qhfAdLZAGYxRPjCC3xJpKGHyAd+a7EgIHJ2JCBSyin4kkpsrpQEBSoYKdKgdKSU0lJKB0rsSHKWUVOCeChNRGqsiAosoCMUDlwKRcgXEuDkiaEU+U0uSFIgp76rdprdzcXif081WOfzU29/wBof4R7lA2jvVQsbEyEQalMQEp13N0c4dxI9ykG9q0R11SP8x3zUIprlBOdeNb99U/9j/mhvtlU61Xn+dx+KA/QdyQfBUPbrv4lSLNZS9tQhwljQ7DtcNsdyjM1CsLp9M/5b/cgZZn9nxRZUWxaclJUDpXSmrkU6UspoXBA9pTimNTig6V0pAmqBZXSkK5F4//Z"
where user_id= 16;

update user_profiles
set first_name="Chris", last_name="Tren", profile_picture_url="https://encrypted-tbn0.gstatic.com/images?q=tbn:ANd9GcSIrTfXiD2FPPI7P3lYXjuMPW819tXjcQkieQ&s"
where user_id= 27;

update user_profiles
set first_name="Manic", last_name="Mike", profile_picture_url="data:image/jpeg;base64,/9j/4AAQSkZJRgABAQAAAQABAAD/2wCEAAkGBxMSEhUSEhAVFRUVEhUVFRUVFhUXFRcVFRUWFxcVFRUYHSggGBolGxUVITEhJSkrLi4uFx8zODMtNygtLisBCgoKDg0OFQ8QFS0dFR0rKysrKy0rLSstKy0tLSstLS0tNysrLTc3LS03LS0rKy0rNy0rKystKysrKystKystK//AABEIAPsAyQMBIgACEQEDEQH/xAAcAAABBQEBAQAAAAAAAAAAAAACAAEDBQYEBwj/xABCEAABAwIEAwYDBQUECwAAAAABAAIRAwQFEiExQVFhBhMicYGRMqGxBxQjUsFCQ2Lh8DNTctEIFRYkVGOCkpOi8f/EABgBAQEBAQEAAAAAAAAAAAAAAAABAgME/8QAHREBAQACAwEBAQAAAAAAAAAAAAECEQMhMRJBUf/aAAwDAQACEQMRAD8A8PSXZ9zPIoTaHkVdJtyplJUpwo1FOkmSQEmSToEFbdl8N+83dvbkkCrWYxxG4aT4iOsSqkLc/Y3bZ8WttJyl7/8AtY4fVwVR7BV+x+ydTbTz1Q1ri4QWzLt5dEnyXGfsRsuFxcD1YfqF6kFDdVwxpcTsCfZN0eU1vsLtz8N7WHm2mf0UB+wel/x9T/xsXo1btHRpVRTq1Gtlpc10gN8MS0yfi8U+Shue2lkKbnMvKBLRMF459NZTsed3X2Ltp0KoN+7LGck09AKYJ1AdqvC6o10/rqvontj22Zc4VXNufG93cRyOhf1HhIOvAhfOr2/1y6IAKZOmhRSSShKECSShJAkkkggSScpkH0bSw/BwHZS0gAjfT3Vdi1vhDqVTI+nOQeE6O0OuQ8CV4izE6g0zmOSL7+SRm1E6jn06Lr9xmx6F25wSjXs6d3ZNIpMcKTWFsHWB4Tu7UFeXPbC9DwvtFWu61Bnw0aAmlRZ8LYEbcT1WFxNv4rzze4+7is5LHIknTLCknCQToEvUf9H6hmxEu/JQqf8AsWgfQry4L1D7CcatrS4uH3NdlEOotawvMAkOkgFB9GF8LxP7Uu2IqVjbW4bNNxH3hriHtc4Q5rI1c4Rwn5Lr+1Tt1TeyjTsbhrzUFTM9hmG+EQD+yd9eUjivHxfuDi1ukbu46cAf2VYaWr7Rr3B1erUqbyS5og77k6a6+aJ/Z9ph7Je0jQ06gqPb6cdORQ9n7+ma7KdW2zZ3AAvLiRPHlwWh7QX9GhW+7tsg6oIgtcWk5tiCOi19RZhazVS1r0aRdSqd5RI8Rbu0k7uYdYlsTwIIMQVnb0yc3OPeFtbm6fbu79rTld4a1MlrhrAnM3jEB0gGI3hUHaLD2sPeUx4XES0agGJMHkdVLUss9Z6E6MhCogUkRCGFFJJMnQJFTElCF1UrdwbnI8JMBByuTInjVMgLTqkEycIOqyvH0nZmOLTESEFZ0iVCCjzK7EKZG4IYUDJ0kyBwilCkgsrSr4HGdWtIbzBK0PZ7s0yrQFapVLC97gGtAzECIdrwWYsxIIny1jYGVfWlxlFMTAyjyUreHq4xYU7A0nUWd7WMnM8lxAESYGnHkr/BbdmJuqG6t30qlMNLXtzMOV22U89OKy1ftA8uAHdMDYh7wXbdGgkrTYNjtw4ATTqsJ1fTlkdCx4BHpKzXbGDx/s/RpUajW1HvJYfjIJJA01jfdeZWd4XBzHucRk8HHVpBiPLN7r0PGbuM0GZB8l5+6wNPI94IBY5wBEHwmIWsWOWK+4MO0UJKfijLdFpwRymUlMboIUUydpTkaIUDkK6oXXeUC2I7oZvMTCq6NIuGgmN1b4PZtNCu4u18LMvQ6z7hUUlV8lApK9PK4g8EEJoCnBTJKApSBTJBBJKcgRuopTygZPCSUoEklKaUHVZ18hBgGHTB2PMHpEqxuA7Ix0QHSR5TsqyyEvA8/kCR9FaXtYinSE/uwffVGsVzheIWTGhtam+oSJJmBPJsK8ZilgKf+7l1I8WuJIK84e5OxZdPppb3EiZ7uHEDNrqIGplVON4u+5PePDWlwDQGzlDW66Akxv8AJXfZjDy+nVeR+6cG89j/ACWZxShkyMOjgwZhOxJ5q4s5uIbroqU4Elc43VhdD8MLTk4mHdIjQJUuPkjbcj+7b5nX5KCPgnNFwElpA5kQF0tv3/EA1pboIaBuhusTq1BlfULgNhAhFWGF4LULW1nu7ukSJf8AwlT4xUtgR93e88CTsR6KnqYjVNMUjUdkGzZ0XJJVRZV3scCTJfI16Lmyhc0pZlFMkkkgSSSSBJJJIEkknAQMnhWmA4JUuqnds0A1e47NHM9eQ4r0nCOydGgAW0y9wPxv1On5Rs0fPqpa3jha86w3BastqOGRu8nQkcmjmdkeOZc34fwAANneBwW27VWz3Ccu3T6LB3rSNDuFNtXDTglWOFWveOA4cVx06JK0OAWxAJ0AG5JgDzOyJI1liBTphrd4hV+O9js5e6nT1IzNqBxgu4sqU+XDMPZduHVM+jZgfE+DlA/h5k7StXaXZpt+EluWGwDBAGkTuI4pNutkyjwN9MhxB0IJBHIjgu65d+EF6pj2AWl2C91M0akaVG8Z4OGzvVebY/hj7fwOgtPwPE5XDmDz6Lcrz3FUUuPkoQpKPHyKjCjKRh8J9FGjZsfRAincUwSKQQMnShJXQSSSdQMkEkggeEydJB1YZh1SvUbSpMLnuOgGnmSdgOq9Jw/sDbUGj7w7vapiWgwwdBxPmd+QVP2RcLe3dU07yrx/KwHQDz39lY08VJ1JUtdcMWywXDqFJuSnTa0TJA2lWxoNCxOH44BxV3RxjMue3eRZ3GHMeNWhZfGOybHbNhaqzuwY1C7HgHiFVeZ2fY7NIacrtYJ8uPRHh+Gd14K7Q6rMA7gf4SRoIC31uxofPVY2+ux3rzPiL4HGBsStY9uecjrNcNdAHQafqF0tr1HE5W5jEzM/NVrbkENmm0Hzgls/RXFpirG5vw2taBrB+crpMXK2OEW1V05oG2hBM+3FR3mBMr08lTaRG/xH8q7L/HaZEDpB/rdVta+BNMa/iNzbwYPXqlmiXahxn7PTTYX0HGeLHxqP4SOPusDWolji1wgjcHgvbLm/DKcawNI3Kw3bOwa8d8wEFobmkQSCTuOPmucrWeE1uMW3Y+iGEbdioytOAgEsqKmjIHNVUUJQjI5IYQCkkkoEkklCIScNJ0ASyrVdh8KD3mu8S2nowc6nPyCLJty3FwWBtMgjKwAjrA3XAb08/mrzEsMe6uSQSCdV31ezFI05BhwHBY27arLUMScDvotNhV84ieHmsZUp5Hlp4Fd9rfFmnBNGOdl7elWd0dNfqrijcGPiIXnFljO2qurfGBzn6eyjtMttNeYg+m01M4gAmDvssI7F2vcddSTrw33XZiNM1mvcHkZWHSdDIPBYijUIOunCFrFy5K1xx1ocAQDsHO8uACO8xoFpAdIJ3mNB0WWdTHBybu+uy6fVcas/v5LtXQ0nVw4fzXRc483OXtkfC1vRrdB5SqGoJjXSffqEFlbGq/KDxWbbSdNK3Gg8EOOh6+xR318x9ItD5dBnrpoOgRVOzAbSDi4h8xA1njwVfaYdVzCWOyhwnQ7eqkjpcrpnBsUBVz2ise7qFwENeSY5GeXDmqZ26rlSR0lGjYUDg6okDd1LoqiBJJJRSThNCUIClb/s2TTosjTQE+btT+iw1jbGo9rANXOAHruV6FiDhSaGtjKAAT1gf5LOX8dOOfqa8upEceJCqLi8LWxMaLl/1nmEjfb06qtxK701+SzHS2fiqvakvJQNfooiUTStuNSB3JdNpXqTlbJJ2A1MqGjbucdAStj2Yp1aJD2W0xrJCy6YY2uzCsLqCiR3bi54kmDPksbitg6m4y0j0O69xwztA4jx0S0xqY0VPiGIW1R7w+mD6KbbuG3iwJ4Iw9b/ABWxsqmjaeU+yy95hgbJaZCsrleOxTvd/JTYdd5DooalM8lE1ajGm8w7F3ZxMZcpGXmeBnnuranVcGZ9RLh4CNTzA6cvIrB2FedzBWmsbrvBlLgwHQkbacwBxRuVXdqPFTzcA8RMyAdIhZMra4946L9pGsj4TB3HIrG1AI0VjOfqNFCkoRIB0BIk8hzRXDACcpkToeY4FGEIKfOmAQoHSShOEUVJusngk0SfNGxhIyjiiqMPrKo1PYmzyve9zZIGVvSdz57LS4ngArUi5hy1Bq0+XAhZTCS6kNeJlbvCLsOpiSuWfr08c6eTPe8EgmHAkHzSbTe8evErYdtMBbPfMHiOrwOPVYYuPNanblnLKlubQsiY14gyE1EAHVNQcZA1M6K1ssOD9FcmcZt24beU6ZGg8ytXb9p2aQQsg3CGh2UlWFHs8wj4lzd5lY2tti7amgI90qgo55I14rE17apQ2mOiVGtUq6AlVfqtnc2VvUEQAecqlvMKY34SuVuEVAJ7z5pi2oNBqVGmYxlgbIHAqrp2zi0uA0mPfkFb49Rc2S7iVSOcumPjzZ9Ueo0VxgT6lSplZxImdvVU1JpcQBqStfhti2g1suh7tSQfl5JTD1qb+wz0SxzQJYQY4GI0XltWycCQS2QY3jZelvv3GkJ100/yXmmIumo8x+0VMfW+fyaCLU/mb7oaoG0jhsoWpOatOCWg0TrEQeMJdyPzBRNRIoEgmCfMgnoVspldVCm7+0do0HTqVXSrSpcg0e78itRFlZOdUaHc5+pWpwSpkEHlqs32cYXU2AcHHTpmK3VvZh7BOmnBcc729XH4r8Vrh9OpP5T9F5cdgtv2rq9y0tB+LT+uiwy1i58t7T2I8YWtw62mIWRtHQ6TyK2OD3QIgJkvGgxW1e0yEWHXFTiCu6/rEBQWN+BuFiR0dt5eNYzNUkDbadVyWVUO1pyfQhaKzxCllIcAQRqCAR6gqGridJvwgAbbaDyVXSsqvq7QV02Vu6JKI4gDsAV30LgQorI9sKJyZo/aCx5W67Z1x3RbzIj3Cwr9Ct4+PNyeu/Bm+Ik8CB7rTsqgeBw6kzrJ2j0lZSwqkaDj9VtsGtu8py7xFpAjoVbVwjsu6rQzTiBBXnV//aP/AMRXol9SAbEAfovOb4y9x/iP1WcG+X8RUwmelSKTytuBm7o4UbSizIBASKSfRAwIXZY0Q6ZMQCuPTkumxfDlYi97MXeSB/ER+v6lel2rx3cryOwcJcNtRxXomAVnFhaZMD304LlnO3q4r0xfbq5zVw38rZ9Ss4u/H65fXqOP5iB/06LhjRbnjhne0+H0M749f5K3tLOrRc15HhmD0lU1KqWkFpII4jdXFHtLUyOZVY14cN9WuHWdilMbpoL7VqqWjVM3tJTcwNexwcBuIIP6qB2I0iZzR6KadPqLAVSjpmdOq4W3tP8AvApqN9SB/tG+pU0v1F1Y0gIUuJXmRsNaS7gBuuG2xSgPirNHlqpP9qbWlJDX1HkEDwwPd0Kaa+8dMriFStVdq0+HUjz4qrqb/orO/wATdWqZgAyfCADzOknjqjusBqDxOcz3XSTp58r2rLd8OHmvRezggBxPh4+3JedtpkPDY1zDQcV6VY93TpDMYd5lYzdeL3bj7TXmVriNiN15/V2mdTuFpO0tzIGu7vks5V1JVwict2gCRSanK05HpMkp4RtMBRZkQISRFpCeNEUCkpFRKSnuFYLnA7Y1LlrY0PiPLReqURSpNjM0HiOS8ywK8bRzPd0bPETror7FroVLc12cNHDMQYOk7QVzy9ejiuoXbjB6T6brikAHt1qAbOB/a8wsItjgd539vUovMucwtB9NJWPqN4cQY9tFqMcslu4HKnhC0KZpWnFEQh9FOYQkII0wCka1M7RAyUdE4KcFAzdFp7JlS5ytby8RM5WjYkn+iqLD7cVHhpqtpA7vf8I9uPRalmJd20W1pldM/ibAkbwTuptrHGWrzCsHsqbwHAVKu+Z/DqBtHurXG7SmGEgAabBY/DG/dWmrcOmo46NBkjzK7KXaD7yC3KdN3GIA/wDixp68fmMZi9bNUyzOUwuF4Mypb501HkbZ3R5ZioHPK3HkvoAnlIFImUQc6IU42ShEGKqIPB6KPuzyUtK0edgqAFIfmTw0KX7hU/Kud1ItMOEFNDqNMmnmnQHbku7BMcdbkz4mEQ5hiDPmo7Gkx1MtLoduBwKra1IhLFxy0uaHaE07jv6VJjRoO7jwkDn1VZil53tV9QMDA9xdkEkNngCeC5ZTgKaX6tTcB5JBRylmVZGUOZM5yCUEoKZyjBSzICJTgqOUbUU6s8MIcxzTwMjmJG4VYSpbS4yOPUICu3PkhxJ6kk6IbS6LDIJ31HNTV6oe0niFwyoboi6TPM/VF3cmJjRAzf1RVxqgiKSQSQSN2TQkNkMoi2ZiQH7sKRuL/wDLCrXPHAJpWti4p45H7sKuvbzvH5i0eQUIKYpsCHmZCepULt0TUJU2gA1Cp8mhUNQ8lGjSkEJRBEIoSiKFFJJIpkDhEEKcFA5ShNKJqIJjiE3dO4AoXLpt71zBEe6Khpt1Hmpa7VHUryZgeiTq88EEQ3SeNYSlJxlAYGiaFL3fhmdVHlKIMBOAnCkYqADUsilTIGDE7WImoldCGtsVyErsuPhPmFwlSqdOEklAimTp6bJMIBITBHVYWmDwQhAk4SSQJdV1SDW0yN3NJPuuVHHVBIKjfy+vFQvMosoQuYgEKVjxOoQ5E/dFAxb1QuCLImeEDucSm16qRp0TyiDCKQo0lRLIRNEqJq6bYaqgmtT5FI5MFrSOS+0EczK4VZXzBlmNVXLGXqwwTwknCimhTWjg10nYclEnp7oDvKgc4uExpuoQifuhCB0kk6BoUmVAFINggjc1NKJyAoDFRH33RQp0B94he6UyZBM1OmanVR//2Q=="
where user_id= 28;

update user_profiles
set first_name="Sara", last_name="Saffari", profile_picture_url="data:image/jpeg;base64,/9j/4AAQSkZJRgABAQAAAQABAAD/2wCEAAkGBxAQEBAQEBAVEBAVDQ0NEBUVEBsQEA4WIB0iIiAdHx8kKDQsJCYxJx8fLTItMSstMDAwIys0OD8uNzQ5MC4BCgoKDg0OFRAPFTcaFhkuKysrNysrNzcrNys3NzctLjcrKzc3NDcvNzg0NTc3LTUtNS03LS0vKysrLSsrKysrLf/AABEIAMgAxwMBIgACEQEDEQH/xAAcAAACAgMBAQAAAAAAAAAAAAAFBgMEAAIHAQj/xAA8EAABAwIEAwUFBwIHAQEAAAABAAIDBBEFEiExBkFREyJhcZEUMlKBoQcVQpKxwdEjgjNDRFNicvDhJP/EABoBAAMBAQEBAAAAAAAAAAAAAAABAgMEBQb/xAAmEQACAgEFAAICAgMAAAAAAAAAAQIRAwQSITFBE1EicTJhBYGR/9oADAMBAAIRAxEAPwBHbBMzuCYhu1yFXkw/KDmfmJ12RLGq+aa4iha1oN/NWKDGwxoZLAC7a+6DLkT5hZylp5jG4OaURx28ry5sOQId2emo1QXdoMTU/tQDjN3hawvsrVFNVM7jZW6bEoRhla2F3eZmHJXKrE3Oka9sBDBa+m6Zm0ySpw6pzdsZg53mrFDiVSe4xzcxA1KttxiEsP8AQcTboh2GYhH2nfic2xJ21sgXZPhsFVFUalry52uq6BTF7mgFoaCCCfxn+EqVGMwMs9sZuCB7ty76haT48TG1ltHvGbUh1um/6LGcn0joxwVWxppsWomSubmFrjXK57CfMD9UxOqYHs7nZPHIZh+lgkEcQspx2b6dkkZGr2AEjzaRf6oVictMR2lK50UnvWBLR6KbfprS8GbE8dfG8tMDWsva4GXXrfUH6JWxKGpklE0R7VgcLgCzmeBCEyY/Nfv6nmbC5RHDMUOdskRvs10Zd3bcxry8PRFyiDjGf7LuI4pUuiyGAg2tdL2GSVcUnaiNzhz0Tni9XT9kJQ8tBA7pOo8PFe4c+mfDcTC5bqCdVvF3ycclt4aFTEsdkmPcjIcNxZaYTxJLBdsrCblaTTxxvlLX3cCbIFPWve7MTr5IscYp+DDjHE8kjcrGFt+ZChZXP7K7rg200Vrh/DxVMBe8AD1VXGmWcY2uu1qAtXSKEeJTaku08lvSUz53fqVWiiL3Bt7J94bwBxb3JBbRBTddAvCopoJQBA58elyAnCfiBkbLNheX20GVEhDJC0AvaTsL2WMpZicxy+gSJ9F7AsZkkc/2iFzDclt26WWI/KJr5Wta489AsRY9qOQOEo9yUkea0lEls3aXI8UOa8jmvWTuF9UF0XWVEz9C+3msbSSOJ12+qoOkPVSR1bwQb7WQFfRM+KRup3CsxYjPYi4sPBXXvZNGHN0eNx1QSqJa7RMS57CtJi097C3zC9OJTNlBIBJIGyCdsb3V2jkL5GNPW58gk3SGo8l3F8QvJZx92wAHIKejp5piHMuLWy7d36IJLrNc83rpWBx9wECwsFy5puCVHZhgpt2L2LRTtZd4zEX7w3+aWjKRexI5kArqlTEzK4yEBoab36Lm2LRNzudCHGG9g4tsEsGRy7DPiUeUVBLm3N/FexvLTcEtPIqG1rdNVsSD+y6TmGPC6yOYGORoc/UtB2cfDotKmvgZ/pyw+iAxvIcCNDy8Ci9bVdrCHlpLwQ148eqlfi68KnHer9K76qEseeyOY3sbIKWIhHMHf022HitThb/jatDFUiWmqWMjs0uD+dlqaq4tYk89FYoaQ3ykZjyRqqENJF3wHSOFrIFxYKwp9LcGW/im2gx2hgaRFIQemqT6bEYowSACTfRZQzxdp2hA15JBXo1yYvSTuD5KhwIN2jNYBFWcVwCzBOLWte6VJ8Rp3NLezAJ5qCWrgDezDQSedx/CASHCPGaeHM9tXmLiLguvZYlbC3UsTT2rQ+/kViB0KRbZakLpvE32e+y2yntWG9raPHmEEg4ege0gktkHI/wqoW9CaQvLJnmwFsbgHtNr7jUI7Q8BtqRmglDRYXDtRdFD3oQKacsdcLaqkzm9vNONTwHKx1i9h8iVDHwNMfxMt5pC3ITgwqzQGzj/ANHfom+bgaSKNzy8OIF7X3QF9I1schAIcGOQ+UUpKwTI4g36OBTbh+KVDWt/qRtbvlylxt5pUeRlHWxRbBcPMzdRmBtqd2WPJY5EquR0Ym7pD2JG1FPnIuc2W3ilavoZ5i5puwBwa0Bt226pzwnDCylOUAd/NbrpZewSt2I18lxLJtfB3vHuXJzPEMLfBbONDsUNcurcQUDJoS0+YPQrmVZQPjcQRexXXiy7lz2cmfDtdroqk9dR1RKkde3/ACPZnxvt9bIU42Ks0k9jblofIrWS4MIvkrSsLXOGxDiFrnd1PqmTiHBXhzpmi7H5Xtt4hAvY5PgPonGVpMmSptB7CapkERkcbvtogVfWPmeXuPkOgXrqaU7tdbyWvssnwH0VEJUQWWzSQpvZpPgPos9mf8B9EDIrnqvQFL7O/wCB3ovRA/4XeiANQCVimZC74XflWJAfUJxKA/5jD/eEuY9g1HVOzulDHAaFrmgqr92D4R6LV2FN+EeiLJaEbFKh9PK+If1owbNdbX5od94zx3dCXsvuASLrob8Gb8I9FC/CG/CPRG5k7UCeF8eExbDLG4OO7nap6jooviHoErfdbR+EeixuGNvoEWLaNpw+I7uBHiAudfaLgccLHyseO80gtAt80fGGjoq2JYCJYpGW1cxzR4FFjS5OLuCZeCqoXdEd/eHkhMuHyDM0ts5l2uF9bg2VWnldE9r26Fpv5qJw3RaOnHPZJM6bNJPYBkuWPnrYt/leMxGCMG8hkcR0zOPog0cgqGMeHEstqy9tURwqjI/yw1txbmT5krz6riR6sXGSuy3DU9oy9i0cgRYodiVMzKSbaAoxU2A10S1VzGd/Zs90HvH9kovkiXQnV8dnX5EkhZAzQHmCD8kY4lpLZS0bAoNSyarvhLdHg8+cdszp9CGywRga2Y0DxXrqEfCPRCeE6y1m30tl12KdRADqscMnzF+D1EOpL0BDDx8I9F792j4R6JkZShTspB0W9nOKwwsfCPRbDCR8A9E3Moh0UraEdEWAnjCB8A9F6MHHwD0TkKEdFt7COiQCg3CG/APReJx9h8FiAHL2OP4G+i1FDFe+QeiyvrGwxukd7rRcqWnmD2te3ZzQ4eRW9E7ldekZoIv9tvoqWJ4bFkcQwAgEiwRZQ1TbscP+JSa4KOfTizrW0uFfgomuItr3QdVJVUYJ+avUNNb0WMYy9NJOHiKEVKLkEcyEbo8JjIBLbqOOm1PmUZpmWaFcE/SZbfBaxTgajmk7XIGvIyv5tlHj/K4/9pfBzKOcCH3HMY63QkkW+i+iUh/abhfaRiW1y3K+/QNBP6lNr1CTOA4ZWupnF27MzQ9vXfUeiaBxZFplcb22tql7HqIxu1FrtDvmqNLTBhvIcrxlLG27z7+CzyY4y5Zrjyyjwhhq8Vln0F2tvr1RPC6QNaNFVgo9G+Niisbg0akADqVwTkukehFVyyjiNMHXv8knV1CWOzNBtmNzbRN1ZicWwPaPuTZveCqQdpK4Fwyt0sLLo08Zr9HLqJwr+yjgVXlcDYuGlwDYtK67g0YlgEliDbUEaoNhPAsE7A8l0T9Dmad/MJ1w7BzTxZMweBuQN1q8bU7Rn8kZQplDs8tgRZFcMoRIbbC10F40dUOFOKZjv8UGQhpNmJjwhwZlvcGwvdPa1L+iPx29chAYKzqVn3Q3qVegfmF+SlWtIyBv3SOqwYUOqJrE9qAG/dQ+L6LESCxFIDm9Vxo2pikikjyAst717p24fjDaeINN29m3Lc3sF84slkFQSScuc2C6zwtxuyOPs5muLWNADgLrKGZNvk11GinglGUly7R0bMFFVyhrTc7gtHiVzDEOPz2jpI2ERgktudfRLw+0epnlYHtBjaXHujc+K0U4v0yakl0dAxCvayRjSdSRZHKA3PyC47V8TSvkz9lcC1k04R9oEEf+OHMGUa5bpRmnfJU4UlSOiRt/Uq83YeQXPoPtOw8/jI82FGoOPcOc0H2ga6WLTcfRaqL+jL5IrtjQlbj+dop8lrud3QBuRufLzVmLjTD3X/8A0NFjbW4SvxTj0UjnTMdnjawRx9HO5n9ENNdhvi+mcp4qqHPkDGNDbFrR3bG9zz35oJSwgOLzfTbmjVeS95edyTb5qBkI3do36u8ll+zS6qiemxGTVxAyBpbqNzyA8f0VRtPJUv1JOuw0a35InSYa+cgkZIxo0eH/ALmmCCCOJtmC3VKGOMeUgnllLiylhuDxwgEgF2hW7Yw19uQcVLPNp6qtUy8/JWYXyM9LxIIgAOSldxo7kufT1Juo2TnqqQ7Z2vh/iRk1mvtfl4Iy6LPIGDQZSXHouJ4RiBjcCD0XX+EMQZKCfxlo+dkNDjLwY4IgxoaNgpF6sQaHiwr1ROmaCAXAE7C+pQBKFixYgD5bqpXF+1gCdVCcRqIs1iLO0VySleGB4JOaTKBZVsbw2aBud4cG6bjZebp01Lk+l/yk8csaS8bB8tXKW5SdOalpqwxDQboa+W+qklnIsPBdTj0qPFUltdBqmxZ17FbYnVBzd0CZUEX8Vr7QSCEviSlaM/le2jfPzurzKoWFumqFg2WzHLtUqOKUEwtHWP2BvciyZcTlLWRwg3DGgH/k7mUv8LUvaTB59yP+qfP8I9dfkmAsLn572N7g2uonJ0OMUmD5qcg2cCXAC45AnX9LaK3Q4eL9pLqeQ5BXYKcAlzjc3JJOuq2nk8Qs4r77KlL6PZa0AWCpSVw6qtVTO5W9EGq6ojfTr0VUSGZq0EXBVGsr9rHQgIG6qINwfA9HDoVDLUXsRe2xB5Kh7Qq6pusbKhscl1M1yBNBinnsnXhLGXRuaQbWIXOY5bIvhFWWvHyVEtHT5ftHnZIYuyZK5pLTa7CrsHH8psDA0uvsHnQLntTWRQTOlk3lhaWnoRof29UNg4mFPJdjc12m5PVZlcnScX+0CZpDoojb3HC4LQfEoQcZqRJ2+Vspcbluax9UlUeMyubIXWyOeXDwJVnBsTAdIXuLbNJaOpRYqb7OsU3HcMMbRUtcx/QWd+6xcUmxY3dK/vuJIaDrYLFaFcvBlra+IU1KABmbNGXfJFse4kpJYjG5uYGPKe7dc3kne55H4Bt0UjK4PuCLb2tzXn44NtqX9Hv6yUVjjOHrYNfCGg6XFyR5KrIy9yDpZW5pbuyhbwUWhvzW1tNpnJJRlCMlx4waT3QrEFblY5mUG/PorwoAbCxvdHMP4Pu0yS9xtrgHQqty9Ri4LxihlPRe9NPojc1BlcQzVtzZVJjY2sFW+X0JQxtfyGPBmiKnaB7zz2rv2H/uqutmAQY1IAA6NaB6LV1YrOVhmSrVSSpvzQp1WozUJ0Ki7NKh9TrodVjqhQvkHVA6B8sViRsoXsKuVA2KruTKPaV11dAQ1jrOHjor7HoBmyvULrEFUmq9TBMhhvGoO1pc3ONwf/adD+x+SAylsgjjjbd2YDTdxTTg72vBjdq1zSxw6g6FCMGiZTV8Zlv2cUxzfJL0L/Fv6L7ODMQawARBrXDMA52qA1FFKx9n6OF2uHQrsvHnELoaaOWEDvEAEjQaLltBBJVzsAdmfI45iVGWEnWx8nTpcmKNrLG0/foBTNsMp63CxdKquADBTPfMDK/MLFh7zRfay8Tcq7Ijj3W10cwbMW7G41DgeSgZM5h0GhdopBHm23JJKt0eGHMC86XuAk0lyVGbaUW+CzTRNPec3U67IxQYa+YgRsvffwRThvADMbggMG9zqmLFsQjoYjHTxl8mU2ytJF/ErCMZXbOjPkxVUCnT4ZBQsEkvfk5aX9EExTFXzHW7WcmhBqmtrJCXPZIST8J0W9RMwM95wk5gha0cZrVyuDe6CSgzoZCblp9Fa9ok6rZtTJ1+iYFSUkWuCNOagdMiEwMgs7Xc7bIZLB0PqqQHnbLwyqs9pC0zlMKLRlWhkUIJXoQBsTdeFegL2wTAhkCtMJ56GwXtPBc+AVmuF7OtbQNKXoHkJVyJ6HRuVmJyZDDOH1OVwPkjjuHpq2YPgLQHMb2l9LEafpZK0RTjw7iE0bQYSMw3B2IRLhWEI26uh6GEtfGynmAcGxjfvDayC4Rw3T0r2zA98TODTm0tfZL+I45WucS6zdCBY7LxmMPdBFEdO+C431WLz06aO7HoouKalx0dB4orL05tJlN27HXdYub43jzQBEzvnQkk3AWKmpy5SMYvFFU3yB+xihIu3XKHA23C29thJRfifh+WlgDpJmOsA0C1iUkXGhB+XNU3FemSxyl4M78WZBGXRuOvJriFdw91XJG17Xx2dqA4nN80OwfB4JmNLqlrHn8Jtp9Vfr8AbDGXNqA4jYDS/wBVG+N1ZfxTS3NcHmI1lZAAXGMgm2gul2rmdK4uduegspXhx0JJ8yojEVRBG1hR/BOF6ipGZjcsfxu0b8uqoYbSOlkZG0d5z2sHzXUcZxQUVOwAEhrWsBtumkIQsa4dNNEXdoJHZgyzG+74n06JSkC6Fi4iHY1DDITI1rX5nl7TfW+u2unTVDKoQF1pWgkgWNuXmuOWrSnSVo7Y6NuN3yJT2hROZ5fMJrquH43XMTy3wPeCB1mDTs/DmHVputoanHLpmUtPkj4CnDwWike0jQixUa3tGLTR6CvQtVJTi7mjxCBBSGEho8bFbvizAg80QDRoLdAFZiw55GYjK0WNzv6KRWKdiDY6EEhW6ZjjqGkjqAbJhq8Ggc4yXJJtcA5QhNbh9tiXDkCbiypMV2YwJm4UjMsgiDspdcApXpnZbNMTdb2sS13yubHy0KN4DPI2VphF5BqwdSq8J9HGr4cdc5ydAbeKjoqF7YA24F3Hkj9HiL7MhrQI5Xjuke4/wB6+Clq8PdGzQZ276brneNOVs64aiUMbivWjjfEmFSwzu1OR1yHW08lieOLXjsPcuczeXisWqmlwZrDKf5A3Fqd1XK1807SBfu20CE4pw4CA6J7L5gEu+3yjdxKv4PLNLM0B2g1N15sseoTbbPfhn0LioRTXP+/+hlnC2TKQ5hNgb5rIrS4BLIywc0uB07yjxmhJiD3EAixFjuhNPI+P3HEeRK3xQ+TbOXEkcOqzfDvxRe6Eg2/hSp5Naf7lC7hKr+Bv5wqX3lMP8x/5ip24rMf81/5iuujybNaujmobSP7jzcMsbu8f1t80VosUZPA+GqLiXtLHWcB2fS3j5pfxioleGPLy8xyNkAcb6c//AHgi+Kez1Ia2UuhnAGWWPe3j1C5dROSpJ0d2kxwlbas19kmhgNOQKmOzhE9rg1zBa/eB0FlUw3EpYmlsmUgu2JvcdVXr4pGtcYXmWNoLXkE2aOp6H5oJJUEWvrossOFTTcjbU55Y2oxVDNV1zXnugRjo1oBPmVA+Zlra+d0tmuIXnt66lhglVHA82Ru7GBzInCxJPW4BVSbDKY8iPLRC/bfFeisPiqWKK6Qnlm+2W3YHAfxuA+SlpsKp4yHd5xGozO/iyHGu8fqtfvAdVdGbbYxOqmC4AA0KiGIlul7jZL7q9QvqyU6FQeNWBcA6bjyVOWvHmhhe481jWp0FFw1Gbl0/+Ju+zmm7Stj6ASOPoUmRtXRfszopA58oFiQIgbaDmf29U3whpWx/x7D46iPJILWIc1w3YRsQufYrxdVUDnUznCTmx5b7w+S6jl0F9RbVJf2g8PMngc+MATMBczT3vD5rNP7NJRvor0cMtZSMlYWue6xcOSxIHCXFlTRZhlc+M37liMp8FiraiVka4sfDjFKd6GP8rf4S5xCY53gxRCAWt3NCfRbyHTdVed7oom2VxTWABcXWGlzdZ2BVh4JXmQnQFAN2VmRnzClYOospGtI3W4eECI+yXjojtmNtgCL2VoPAGy2bY7hTKKl2XDJKH8WCXzuBdTNN8zXEkus0EjVLMpcCWncEgq/iDyZHOBIOd1jdUZnF2p1O91MYKLddGs8m9Ld2iAlaFy8kzbBaNiN7krQyJQT1t9FjWE8iVZgc7YFo/sCldG87vJHQCwTEUiwjcWUzaKQgERusbEHKbFTtg20vqPFPNAwmGIgadkz9EBYhNoZP9t35Sp48Ml+B35SnzsivBF1QKxNbhUnNtvNTxYYN3E+QCazSqJ1IgVgOkkjikANN2jebi439F0PhziqnAERZ2Y2bplCVxTjzW7acBKrGpUdIrMbgjbcyDyvcoSMZZUNc0FrGkFt3H9koFo6LQxApbR72HouGqcf6qP8AKP5XqX+y6rE+SePoilIJUbmX2CxYmB41h2JAW7YzuCsWJAaFp56rcRDTlovFiBk0UQ0UohWLEAJdS3U/9nKq8brFiRTNJWglQlhWLExGo0U8c3VeLEwC1KWOA1ueg1Tfgrf6QB0s4ga623F1ixBJfawLzsQsWJAauYNlrkK9WJiNAwdNV6WhYsQBrl0K0EeyxYmAQwzDmzOyl4ZoSCeaxYsUsaP/2Q=="
where user_id= 38;

update user_profiles
set first_name="David", last_name="Goggins", profile_picture_url="data:image/jpeg;base64,/9j/4AAQSkZJRgABAQAAAQABAAD/2wCEAAkGBxIQEhUQEhIVFRUVFRUWFRUYGBUVFRUVFhYWFhUVFRUYHSggGBolHRcVITEhJSkrLi8uFx8zODMsNygtLisBCgoKDg0OGhAQFy0gHR8tLS0tKy0tLSstLS0rLS0tLS0tLS0tKy0tLS0tKy0tLS0tLS0tLSstLS0tLSsrLSsrLf/AABEIANUA7QMBIgACEQEDEQH/xAAcAAACAgMBAQAAAAAAAAAAAAAAAQIDBAUGBwj/xAA9EAABAwIDBQYCCAUFAQEAAAABAAIRAyEEEjEFBkFRYRMicYGRobHwBxQjMkJSweFicoKS0TNDssLxFhX/xAAZAQEAAwEBAAAAAAAAAAAAAAAAAQIDBAX/xAAiEQEAAgIBBAMBAQAAAAAAAAAAAQIDESEEEjFBEyJRMmH/2gAMAwEAAhEDEQA/AOsCcKLSptWjnMIQnCJMJpBNSBAQmEAEwEk5UIC0eK2w9z6jKADhT7rn3J7Qm7WN/ER53BsjeTbjaLHMpumse60C5YTbM7kRqBrMLU7r7Rbhuza8OymQYBJDnfiI1PJc3UZZpT6+XZ02Hu+1objZWz8XnD3NN/vFzhcf1GR6Lon4Z7RJb+qbcdSjMKjCOYcI/ZPD7Zp1SW03NdGpBkeR0PkvMxdbeLcw3y4/kjWvCgoWXi3BwB4gx5R+yxF6+HLGWndDzb07Z0EIQtVAhEJhQnQTCITQiAhCcIkBOUgE4QNCEIBCEINcAphIJok00kwpDQhCBoWPjMYyi3PUcGt9yeQGpPQLmsVtytXkUppU+f8AuO6z+EeF+qpbJFY5aY8Vrzw6DaG1qND/AFH3/KLu9OHnC5zH7eq1pDPsmQZMw4j+b8PkPNa+pTayZuZmeMrBw9Gti6nZ0xJ1M2awc3H9PisPkm/EOyMFMfNuVeNxQAy09bd6NJNso/zqthsjC42JOGe7iHOyUz5hzgV12xNgUsMAYz1ONQi/XKPwj35krbQrxhjXLK3VzE/VzLd1W1srsTBiT2bJi/5n2PkI8Vt2YLDUC0spUaZGhsw8pnUrnN/t7HYMChRjtXiS7Xs2kwIBsXGD4AdQvO6GNdUfncXFxNySXE9STclRk6elq6mFK5b2tvb3kVcwFxHTT1QVwu7GJe0WJ8OB8l2tCrnE6cwpw9la9lY1pXNjtE7nlYhCa2YBNJNA0IQoAmEk1IkhAQgEIQgEIQgwAhATRYwmEgmga0+3dv08LDYz1DowGPNx/CPcrK2xj/q9F9WJIENB4ucQGg9JPpK86xDS1zn1XF1QmSTxJ+YjRUvfTbDh7+Z8M59WpXf2tZ2Y8Bo1o5NHAfJlZdPENAgFaAY8mwWbszBVsU7s6YtbM7g0dTx8AuWazaeXfFq0hnYXDOxdTs2Wi738GDn1PIf4JXb7N2fTw7OzpiBqTq5x/M48SobK2azDUxTYOrnHVx5n5ss1dOOkVh5+bNN5/wACCULWby1Xswtd9N2V7abi135bXcOoElaMYjbyzff7TGVnEyA/J4ZWtb+ixdlUgXAKuoXOJL8xLu8S67iZNz4lSw1WmwjO60jmPQ6LK87h246xXy9M3SNNpOY2jx1+Qt/QgPcGmRqD8+K4TZ9SkC0ir3HXzGBFwIJmOBv4LrNgljszmPzAW1BIvxItwXNime+HR1Na/HMtwgIQu55JpqKaBppJqAICEKRJNRCkEAhCEAhCEGAmEIRICkoqSDC2xs8Ymi6iSW5ohw1a4EFro43GnESvMsSalNz6FZp7Vhv1HBzeYIIMr1pcvv5sL6zR7WmPtqXebGrmfiZ15jqOpVbViW2LLNZ16ee4anndE8dLiV6ZsHY7cjYcAW31i51M/Oi8y2VtcN1ieBIsfNb/AGNvU5rsrrXXLli3p347V9vRTiezs8253PkYU8PjqVSzKjHEagOaSPEC4WlxGM7WnmbrYjyIXNYjCyTmHeBM8+cpjzz4lnl6WJnccPRlXXph7XMcJa4FpHMEQQvP8HvRWwroqE1afEOMvb1a43PgfZdZQ3mwj7iu0CJJdLQPEuEA3XXW0WjcOG+OaTp5xtjBfV676JdmyFrQYAkOaHiw6O9kjs2k8TmcPzNzEAngAJVe9G1aeIxb6lOchygO0ktaGzHCcpjp6LEdUyi+h8bHpHisrRO+HZjmJr9nZbJ3boYnBwSGFtV0OuBoBBA8fddfsTBso0wxhJAAGY8bLh918YCw4d9V0v7zWfaAhwBaZPEXbqY04gLvtnUslMDz+fKFnjie9PUTX4/9lloSBTXU84JpIQMFOVFNBJCUoBQOU5SQgkmoJygkhAQgwAU1FSCJCYSQgkhCEQ873v3UfTecVhmZmuk1KQElp1L2Di08QLg9NOPrYijUuJY7nwnkYXukLV7V2DhsSCKtFhJBGeAHjweLhVmu21MsxGpea7K3kdh25aglmgcL+Sv2xvA2o5lemY4OHHx91oN5t3zha9Sk1xeGwQSOBaHd7hIn2Wsa8jLm4kQP1VPgrvcOj57a07/bOGbWoNqs1iSFy1Frm03sMkO0HAFpB85C6rduo0sDD58ZBFxCwdq7OLHgAS0SZF4uRB46NPoqYbamar9RG6xaHKUnAmDoRryIuCrqOIAsSQR8ythX2SS/ut72aBA1vb56re//ACWeiKhGR4fBbyaYued5CvbJWPKK47T4bTdLaTsQwsNQuyQX9wNAaDaXDUruMNimvzaNLQ0kEj7rpyuB0IOV3otTgMN9VpNY2Huc2Mo4cyeEn9Fj0sPXZUdVf3KZpVaZbN5cA5ruYgtP9x88MeTV+PEr58XdTc+YdMgLnmbQqM7MCB3QHMI0I4NvIAENj+FbrDYgPEjXiF0xkiZ04bYbVr3emQhJCuyNCAhAIQhBKUKKEE0KIKcoGCpSoJoMFOUghQlMIUU5QNNJCkSSSQiHnO8uDFXG1c33ZZI/NFNkA9FyW+GGDHgtEeGnkuy3k7mNqfxBjh4ZGg+7T6LT7awwqtnl/hc/dNbu+KxbG1mAxrmOBHD5C6vCODqgdxY2DrBsWuDo17xaR/UuPpsyun8ve9NJ81t9l4nTMdbE3tZkExw7y1ivtlktPEOzwLRDTFwGn+pndN/Fq2u06jYFSIDiQQPYrQ7Gxg7zTeHez7z/AHZlft7GluQcCSY8YkXXHkj7TDuw23WJbrZLHOggzJItrHIepWZj6YyNjUv9sjpWr3cxBs5p0HH3WftTE53tgEEAlwiRLiALeE+oUY45RmnhoAOzIJBIDnAE8INvG0LosNiG1GgtADm+/MLAr0g+k7SQ4x6Nla7ZePyHXofVReZi+04qxbHp1TTN01RhqocJHP8AdXSu+ltxEvKyV7bTBpqMpyrKGhKUSgcpqMolBJCihBJOVGUSgxcqYWOawAVH1o8lErabAtShYrcZ0V9OsCJQ0uyJEFRbWHNWB6IKEQieqtY4IPPPpA7tem7iacHwDjHxK511cmGi5NgBxngum+kahNanUh5HZ5YaJ0c4/r8FptmYUP8A9o0w0zLnFxeMvdzGAWgGTAF7cJnK0cuvHfVWv2xgjSY21yTn8Y7rfAd6/NY+FqAUmGRIe+0/wNA94W32201KcMAdJjTkYtw5eS0VSgWU8pMODptNszW2PzxWtPDG3M7bjB4wsqCqBImC0cWk6RzGvkszeTFD7IsdLSCQ4aGYgfHqufwdzDpAvLhci2vsrfrdQNyMu1tOS4AfcaIh7XSCQAACADA46qlqRMtKXmscO23d2jlE66cfmFt3vl0zJIkX7pJIHDSIj5K8y2ftJxN3amLxEeAGvkur2ftGLl2gk9CLxflqs/j7Gl8s5Ijh2OOp9lQfm536S3p/IfVedbtPrYuXMbGsE8f3utnvlvUamCc3R9VxpjqIGZ7SOAaYm0FyxfoyxGUFnM/sqZK/WbNcNp3FXcbEkU72M6eAA+IK2MpNbED5v+8K5jQNVrhndHJ1MayTP6qlEq9zWlLseq1c6oIJWRQo3ulVoybIljlyMyk+kQmaBQQzIzKbaKZoGYRCGZGZXDCOjgoGg7kiWKaQI0S7AclkfXDyCTMV/CFRfSj6u3kpNpgcFkHFg3yqt2IB4BSjSHZDkp5UNcHdFPLHFShUaITZRAUzHBBKDn972dxjhaC4T4gH/quewIBZ4n+49V1W9dOcM535HNd75fg4rjdl1Yp054mTw1Fv0VZhpWeGu2tjxQDWtAzSYkWaOHj+y07cc6oDmjUaWHG99eKjtuvnrVDP44HQTA9oWuoVsp6rWteFJnctvhX5Tw8Ji0EeevzCns97W1CD917Qx2uhtJjp8FgsJ5SPnqrqT/tJE/BTpKnE7OLWF/5XuY7xEEHrYrothbGqOflJOUO6Xi4+IKzsDhadZj2mftWs8nBpbm9Mq6jZWCc5gBsSxoceRGVr46/eA5LObb4TEac/9IexB9VpVmD/AEXkOtEMflaSB+XMxkWiHSuY3VxnZVGmeML2OtSY9hpOaCwtLS0ixaRBbHKF4ttzZrsDiH0DJb96m78zD90+PA9WlRau66aYr6tt7AzHNe1sG+seELPF15HsjbdTtqdyAA0fAn1PwC9UwWKD2yPFYYvpPbPtt1MRevdHplEJXTzIFRdLgW05hVulBrgap9qCgHOcpteVXnSL0E3lVioZUsyQKC6niLrIa9YTSp5kTtq86MyqCmFRppMFSBVAYJlSuhpcCpSqc0IFTohpanKrDljPpPzFwfA/KiNFt1xOGrD+Bx9L/ovOsbiezpOI5Q3pNreGvku43hbUdhawaQDlmTpDSHHToCvK9r4hxIZeBeTxOhtyBt6q1Y3KfEKcRcB0ffET/G3UeOnqsWk6SsrZtcHNRfo+7TrkqCcrgPYjiFKhTZnIc2L3Emx4x0v6QtdqQupwLk24xqNY+HsoUqsEx66+a3D6VJrXWMEi2sG+a/GRHoqsJhqBIgOPS8eyr3LNhsbGkuDBGYg5GkxncBIYDzNgF6VstksluhMidYIBIPWS4LhKGyw4ZMgcyQSx2YGdczKgOZhEmItcrsdk1KjmkPvldDXXzObAPesO8CSJFjANiSFlM8rTHDamkVyP0kbJ7TDivHeouF41Y8hrhPjkPkV1MnmqcXR7Wm6k6cr2lp8HCCp2rHEvFKVQtcHcoXqG6WNbUp2MkRK852ls59Co6k8XafIjg4dDqur3KdRpsqOLnNe0d6SMj8wJgWs4AHisskeJd+LmJj9d+EAKGHxjKgDoInyV4ew8VrFolwWrNZ1MKiENCtytOjkxT6hSqqKUK00SjsioSgE4TyFGVSgw1HmldGVENIHFPMVUHqUqjo0tFQqQeVSCnKI0vDyphyxwVKURK6U5ColEptXTD3nrFmExDm6ijUj+0heM19sCplL2XaIkRfS8HTRerb5YtrMMc7oDnNZfjNyD0gFebt2FSrH7KpBIENBDhN7C86xxOq0rr2lg/WKDhq5p4Wn4aLLw+Npl01HAkfiENJv+IOAvrxC1NfZ1Rji0iYPD1B8IM+aDgahvl16hX4/SYmfTs8VXwwYGdo7MSIaMpIvy09wlRxOEaJdNtbuAnkBzsbR+i4s4aoDdpJM6XnzC22EwOKxDuyDTBIzE2A6uPyVExEezU+oZmP25Qac1GhfTM6PGw19wvSdwce7EYNtRwjvPaACT3WmNT1lcbhvo+FSi6o7EGWVchDWWf3WGGEnWXFskR3Su63ZwDMHRZhA/M4Bz7kZiHPJJgcATEqkzXXBqY8t3KUpIlUGu21sSli2w+zgO68feb/kdF51iHNbWytosqOa8AOD35Xwe73c+U8dRxXq0rzbejYT6eIL2sHZPeHBxBDW5jdrnN+7edYEEdVExtthtqXoLX94AiDH3GwQzmXEW6eduayMqowzCLmIAgBtm9Ym58TqskFVxxqDqJi1+EMqWU81bKS0YaVAvHFNtaoNCrIRChGkW4qoOqsGOPFirLAommE2nTKGNZxaQgYtnJYL6I5lUOpgc1OzTUtxBVzMSFrWPB0Kkse509rbtrhNrxzWpBPVSbVvqrdys1bZz0w5YDK5VwrHkrbV0yTUTFSVW1wKsACKuB+lTGOy0KQPdc6o4jmWhob7Pd6rz7DYh1N4e0wQfkFdt9K1qlAcMlQ+ZLQfgFwgXTT+VZem7Gx2F2gAXMaK4HfZJa53NzC2CQTJgTBJMEOOXLfu7hi6730wQLktcwEju5nZR3SQ4BwtZeWUnCZ0I0PLqCOK6DB73YujA7QVBr3wHEzrJNnHq6SqWx/iYvp09HAik4tOYQdSIBv8AnbmHutvs9jzAbN+OrQPzOdAEAHlxjVcnT+kauBAoUgeYzN/4kX8IWsxe9+KqWDhTBucoMnkS5xJd0nThCr8X+LTkn9ej7U2uzDMZRp9pWqS7JTEvq1H1HFwIicszE8AIaDoOm3e3Zq0qFTE4kg4qo0OfF20aTJLaDDPCSSZ15xJ8M3f21VwuJZimnM4Pl2ckh8yHBztbgkZtRM8F9RbubQw+OwrcRRvTqtILTEttD6bgNHAyClq9qsTtyIcouqhPFUjTe6mdWmP3/VQDlRCwOlSBVQKeZAzUE6q0FUlMFBaUkpSzIJhIvCUpgoJAynChooxPFBaQokBMJOKIckMP0QWOWW1wUbG8rm27dMV9TLd0BRGMp/mZ6hZYA0KpODpunMxp8hp6KYsiaglrriOh/wDFOmYve6iGBoyhsAaDgiVPcr2sgVeatbW5LDKUq0WVmrmPpOw5cyjW1DHOYf6wHD/gfVeeGF6fvu3Ng3/wljvRwB9iV5fK68VtwxvGpWtEp5Pngo0xPNWm2sx4LRmpOkq2g3M3w/ZINm3uCrMGcri08R/5+qCTgbgc/hx+C7/6LN7v/wA7E5ajow1cgVZNqb9G1R04O6X/AAgLgy0ySrKDomR+6i0bgjiX0fvhRy1g8aPaD4ltj7ZVpJWu3W2mauzqFJ7i51Eua1zjLiySMvg2GgXmIWaHLmaLQVJpVWZAchpdKkCqsyQeeSI0vLkgIUA/ojOiVqC6FUHSpZ0NLGuU5VUpgojSyUAhVkrAGyqcky6+tz/lQmIa+EnulYTcawi7gD7SrA8i4MjouV2L5IlMGVUysDxUTUA+bIhY6RYn9UhTI0SNQG8SEm1wgncaqLqiRqSsebcxpcW8oVtoVbVpdrRqU+L2OaPEgx7wvIl7KQAO7ZeY7zYLscQ9o+6452/yvv7HMPJdPT28wxyx7a2kVsKLvP56rWhZ2Geutzp4gMb95pHl/hY31kCzSStpXaHsPgVz6iE6Zv11w4BTpYlx1jyCxu1BHenx1U6dMHQyiJeq7jFow7iBLs5zX5NbEcBYhb1+Nyx9k4+BFvdclubio7Sn/I4e7Xf9V1DavU+YXJfiW1Y4ZlOuw8CFa2o06LB7UcRKHYgeHlKjae1n5hzSFQc1j064PEehCtz84Uq6WZhzTBVYqDomKrToW+qGlmZSzKtpCkCVKDDipApNQCgmjMlKMyGnIPwzdY0vHBWOpQLGOkIQuV2MLGOc0FzTGguJUvrbgWjnHuhCIW4l5F5/RYFTaJBaC2cxbF4IlCFI2TXd6FJ94BEoQgbhFuC4bfukM1Opxc1zT4NII/5lCFtg/tll/lzmCpZ3Bsx7rvNz9jUO0Gdgff8AFccOGiELXqLTEcHT1ibcw7/eTB0izL2TIIFsrbTysvCKeHBseFpQhY9PM8tc8RwdXB5W5p8o/VU4b7wKELrrLkvGnZ7p1iK4HOk6fItXbNKELmy/01x+DhV0q0mIQhZrysLoVjHIQpVWMPzqq2NaX3aPQIQpRLNNBsaKTWdSkhWVTDiOKmCUkKYQmHcLJhw5JoUof//Z"
where user_id= 44;

update user_profiles
set first_name="Lean Beef", last_name="Patty", profile_picture_url="data:image/jpeg;base64,/9j/4AAQSkZJRgABAQAAAQABAAD/2wCEAAkGBxMTEhUTExMVFRUXFxcXFxgYFxUWFRgXFxUWFhUVFxUYHSggGBolHRUVITEhJSkrLi4uFx8zODMtNygtLisBCgoKDg0OGBAQFy0dHR0tLi0tLS0tKy0tLSsrLS0tLS0tKy0tLS0tLS0tLS0tKy0tLS0rLSstLS0tLS0tLTctK//AABEIAPsAyQMBIgACEQEDEQH/xAAbAAABBQEBAAAAAAAAAAAAAAADAQIEBQYAB//EAEUQAAEDAgMFBQQHBgQFBQAAAAEAAhEDIQQSMQUGQVFhEyJxgZEyUqGxI0JyksHR8AcUM1NigiRDorIVNHPh8RYlg7PC/8QAGAEAAwEBAAAAAAAAAAAAAAAAAAECAwT/xAAiEQEBAAICAwACAwEAAAAAAAAAAQIRAyESMUETIgQyUlH/2gAMAwEAAhEDEQA/AMY6mndmUlQmyfBWMaUjKXoidmkDilDjyQBOzAGkoFQC/wCSNTq81zng2ISNFDU2FKcRwuhOaqLRjW3UhjU0UkQDqkBWMskdTd7q5g6orXf1INHaxOaE+OqUlIGkILqJR3BKCgK4thK6VIqtvdOawJhBTSpNVkFcWg3CCR3TCQdUaE0sQZgd0Q3BHchPCCNlPyhNhOQEki4T0POi5DwQHGOBKUEHVNDDpCdBnQIBrmjhKdPQynOaUwyIQZCOIS5gUIvM+JRcwBtCCPZdPNBICNULaFbLTzAx1OnJBpDaUmOKi7RxzaRIMEiJyuaYvHNZzHYyqS4gxpxnlccjZVIBMk3KckDa4PaVKpo6DyNlPyrD7MZLsp46H8FqNm1SwZX6deA4EdPkpvVV47iwASQjBqaU9pR67NENpKl1QCFHNkgZEpzWLhzR2tkJio9VlkE6KWadtUB46ICPPNIXIjnWiEEhAc1sokJzGxCJKCMcyEQVCkcUN2qIEnP1TeKGNFJweDfUMNGlyTZrRzceSKcCumvdaFoqW77A1rqlcDMJAAi3ib3i1r2VjR3SpOgmo+4kDuiR17qjzjScWVYczyUmnTm8LRbybsDDhlSm5zmEgODolpIltwBbUeMc1SxZVLtFmrqg5dbKZVY2rQbRIEl7Wzx7zxI9FHAPAqv3hxIGQAkmYc0CxJjj/cB5JU8E7a27gq16nYljaTSWDLoQ0xPwVBiN1n58tGs2q6fZa18jxMZR6q53b2dUZiKIpsIDnkOYXN7zWtcSe7IBt1HVanG7LqOe2ph6jaTHgOu0S1xiRldyg8JS3ZW0xlnp5vX2ZiMM4tr08jokTHkQQYPiFotmtZXZScTBLTbxJa4H7LmmOYuttjMBW/d6hq1KVQMDu8+kQPZBsRUkm/CNOC8s2eH52MFonyl2nyRvcLx8bGvr4Ls7AyAG343F581GIRWSapYTM/NzQSPUfBMry0lp1BhLG/EZzXYda0DmgPCdUemSPrGBxPgJtzNrBUhIo4Co9pe1stEyczRpE2JHMeoT8bsyvRE1KT2A3zES37wt5SrDBupU3sZUdlGZrXEm0tAqOE88zm/cWl/9Z9hWNOuzJTP8J4ILXNH1g5pI5W8VHm3/AA7jz3OuDl6jiNn4LFwSxsu0eyGP01ltnechYHebYb8JVDCZa4Zqb49ps/7gbEeHNVjlMmWeFw9qV/guyaIh0TablaCuGiTJ1RS2BPBdCCCcbgLi0zZMD9CpNBkyiHTAZF1sdhYB7aEeyXxUfPugfRNPkS7+8clV7tbKFR5q1GzTYYDTpUq6hn2QO87pA+st/hKMiHXJuTzPFZcuWuo24cfteM134im9wY55ym0m0A90X8dPgtluxvhS7JlPEOyVGtIJdZscYJ5wLdFWbzVQcRUa2A1jiwRzbZ3nmn0CpqrWu1gxzSmHR/l1W72hvRSqMDWjtG1KWUi4ymSQ641BPwHJZVyPV2gx9Gm2IqsMWEDsyD5a5bdSor32lXj1Ectly6PpNniqRuI7LHUi+7e3pO53a8QfkrmmbSs5vMzMZHtfqIPhHonPaZ6afZ28wZjg4teSSRDQSYL5MgT7oW32lgqlWmK9OKdy5zA7MCNSc2UZSeIjWfFeZbP/AMQ51Sm+q2WzVZTIac7XNIDgRdt3EfmF6Hu5s9j6cVKIyx9aXZvtZibdJU5R14XfaNvrjXDAEN7sgDWervE6+q872QIIJ5i/nPzj1Wg/aDtVoaMO02b3R48SfWPVZWniZDQDpNvASlh6Ry3daHYWLzYgE8Xz/r08IJVlthv0jjEX+KzOyakVmnQa9JzEkehW3229tQOc3ic3mSBHq4o9ZIveLNOiU6rTkARqkqBEe4QIVsUSvgWS4NrVwDJIcGuBJ4jX43UQ7OAER5k3nwVhVJPBJUuAl4tLy2mbG2rUwtam4kvpTBbcQOOUcCF6xvDgBjcH9H3ns+kpczbv0/7hp1AXkOMpSyeLe96a/BejbhbU7gbNrR0UX9b00x/fHVYN0Qo83W2/aDsHsz+80xFOo7vgfUqG+bo18E9DPMBYYyVtHNZobNbWyb2pTIIN0aWoIBouArTB0HVXspUxLnuDQOptJ6DUnkCqxkytJuq0tZVrH2j9BT+08TVcOop2/wDkS30qTd01mzMOwEMp3p0xlYeLr96oernSfQcFe4dt1W7MpANACsaWIaIggzEEXF+oXNbuuySSaeNV6uZznHVzi4+JJJ+aCBxRMPh3vMNY53OATw4wrCnsDEG/ZGPtU5+7mlb7jk1UFhEIgMiFNw2wcQ4kNov8xlb950D4q5w+6NUDvVKQPIFzj52j4otgmNvxRtEKu2pSFUQ0wRBHK3D/AFQtVid267AS2H9G2PxWaxdAzldLXDUHXzHFRcp8aY4We2Xo4qphqva07ES1w0kGxBW5w29GIyNawAZ2ggzpPksPtmgQ4i5k+P8A54LX7oNzMAcLtVcmU8ZVcUstZreLAVA8udJPtHxN1XYPWQRz69bL2Olsdlem8uEg930XnO9G6jcPVY1ri1rgTmOmYEQ2fq8bnop485eqrPC+zME7NfKCGwXBpGe5MuHwEHn5jRYOrLXAGRpx1bEx8lmNk1+zfDXBznDKLDNLhFgbki63u6mwC6m3OwMkSRo6et+UJ5JxnxR1qSG1q9Zw279ACDSpnxY0/EhCxu62DcL08h5sJafT2fgjzZ/jryxp5pcvRaqvugC8inWJb/Uy49HX9AiDcp/CuJ6st/vKqZwvx5f8ZFzBpzTtyMdkqBs9Fa7Y3ar0BnOV7eJaXSB1BA+Eqg3cY1z50OaxgkG/PRTn204pZe3tlOmytRNOoJY9uVw6HiOoMEHmAvG9qbNdh69Si/2mOLZ4OGrXDoQQfNer7BrHIAVn/wBpezswpYlo0+if4iXUj6Zh/aE+O/C5sfrz4tCbbr6J7aZJ11SZH8ytGGjWuGqu8PiMrqFLSGdoftVXFwP3Mg8lnTIhAfiqrKpq1CXNd9Yat4gOHADSVNlsaYWS9vY8A+QCETEOrEe2QOTbfHVYfYu9TQAMwWlo7eY7iFzXF2Sz4kUqOQQAABpFgntxQbqlp41p4oGJLdUUJedlQRKzmE2o5uIqUHxmYRB4OabtcP1qCuq440zAbPJYbbW3C3FtqkFstynwBt8yljPJOWWntGFdLQs3vPhqVeoMM2ma2IcJaxhyuYP5j6ulJnV2vAHRRKW8L3tpUMNBr17MJuymwfxK7/6WjhxPPRbvdjY1LCUy2nLnu71Sq+9SrUIu956aAcJcOq34uHy7rHl5vHqPMqO5VbB1XPxGGfimn2H0HdpkAJBBokNeT1EjkAptCthmOJbSxDHERl/dcTP/ANeq9E2jtWnRhrsxdlsGtknzMCZ68RzEhwW8NN7ssPaZiHRcl4YIAJNy5p00cDpMb5cGOVY48+WLObOxdbI1lDB4hwGr3sbQGuv07mmOsFUO9uDxDsRg8PimU2UcQ+pmayo6o5xpNDgx7ixobJcLNnjey9aasl+0/Zr34MYikJq4SozEsHNtP+I3wykuPPKicGM9exebK+0TCbAo0706TGnSWtAtysrfDUg1P2fXZVpMqsMse1r2no4Aj5qFtR1Qns6YvxdwaFxV2TtPftBukhUuLx/GZRf+EuyQ18HmRM+Ky+81CvQGbtBHKOaWWzmmjweNk6K1pV15hs/bz2nvLT4PbzXDW6qDprK1UFpBiCshU3Va2p2lE5ZMuZ9UnmOR6I+J2raQVXN3lLTdM+o1uzWlogqXtGj21GpRP+Y2G9HjvUz94DyJWQbvnRA7zvzUHG76Pd/BaWj33a+QTx3vpGdx12z7agI0j4FJ2nimudqePFN7TouhxohZJ80Y2GqjAXF4mfkjEc78kEi1sA112jIeYtPiNF1I12aEOHjB+NvinvqOnWyRpPqlZKcysWOE268WcHDyMeqlu22PecfVVVBsCSFxpF1+HJZ3CNZy07aePqOg080gz48xdVldwr0yH2e2ZnUEKye0hQMfhS852mNA77MxmHUT+oTmMnoryeXtuf2PbHcKZxD/AGn91k6im0mAOhMn0XrVFllkd0KrBSY1sAAAABa2nUsuuenPVftbZPanM2rVpkDRj8jTe5dAkugAT/SEmzdlin7VSpVdMg1HF+QwR3M3s2cfFTKtZRqGIlyZLSkxSAwRHDko1F6ktcg3nmxKBwOJqbPdPZHNXwZOhpEzUoT71Nx8YM8ldu0PipG/OyX16AfR/wCZw7u3odXNHepHo9stjqOSrtmbRZXosrM9mo0OHMSLtPUGQeoK4v5GGr5R1/x89zVSu3gLzvfGu/EVMrXBrW66kk+C1+0cUADJsBJ/XNYnFVS5xJtJ0Gg6LPjnl7Xy5+M6UYwtRp1B9QnxVGjP9TfxKsAdUQFa+MYfkyQP8Qfdb4mflKA/BE+08nwED8VYPddc1Pxg87UCnhGt0F+ep9SlcTxUwtlArUhN1UQi9rdLnHNObRS/u45phGDbt6T8kdjOE2XcUeYCUIB1EExCc2gOcJ7Z4hK2u3iITBaTSRY2SOMaa80jagnouqOHBTTCjnyRmYM1GlrbEtdHjBIHmYHmm5pR6FUggixBHqDYoCduRt6Ia4r07CY7MBC86buxnLMXSy5HOyuBk97K0l9jzJBHMTxW82dgXNaO96WXTj6ZrB8lQyxwMhT6VE9VIbhkwi4fFkagqfSxSa3CJ4w6CGbWlYHH0zgsW+hpRxJfiMPybUkfvNHXTM4PHAB5C3bWrM/tGY11CjmjMyqKlMz3gcr2uEe7Dpnp4KOXGZY2VeGXjlKyW1cRmcWzbj48v1xVS835qQGqC5tyVzYzU0vLK5XdPgTCWEF9WDoiF4VEFUABS5kjRJulqjkgED0N+gJ4nROqeqA50JgpckzLhK6Sg1f2mh8QiGqeaBhjInx+aKHRqmkdlYxKG6pJsEocJPkuOvFAMpm6JmSBh1hPewQkZWFECAGwLI9JIN/u67LgmNZ3nuD35fdaHlmZ3ASWmOJnk0q4wtbugqofiXUNmscMozNp3ADdQPaJ9p8cOAA5oFDGkgX4c104+mdajDV7q4w+IlY/BUnHvtM9FaUcUeIhNLSyuzfoqDQqkjVSQ5BinwuvN99tpGtinNHsUvo2+IPfPjmkeDQtvtraf7vQqVZAcGwz/qO7rPTXwBXkTSeJ9VnyX4rGJLSQCotYyJUgOsRPBRAsVg6otMWuka2E8E8kBxhNISpKjtPFAM7NDe1SQVHeLlMGOjRNt1RG04XZuiAp6VgnGnJP64Lhw6yisI5pkUMMJpcURtQXhNdUHJANzcF2b0SZhwShqRuyHmpOHpkkAAkkgAC5JJgADndCIstD+z2g1+Ka95ytp94EkBvaaUwSdLyf7UQL3bu7deqWgUA8UmhjDUxBIa1oA+jpUogmBJdMqtqbLfTEPr0accC4T91srWbf3fw1b+JRYKmucU2uPiS0Zh4iQq6juoz/ACxSP2RJ9F0SM6du5WgRnDxzGaPiFfW5KBs/Yj6f5RHzVmzDHimlMwlQRZHfUQsLRgKWaYDXOJiGkybgQJkjiEB53v8AbS7SoKDXDLSPeI0NTQ/dFvEuWbYAhGoXEucZLpJPU3J9SiUpXNbu7aw59O6qS9zSR1V086qtri880jA7c8yiUqxlObTTxSCAdcoVR0A+vyTw5R3PvdIHUsWOqI6uCm02BPptgJgjao5hM7NPdTHJNyhM1ID1RWlMa0BPdUVIdxMWTmCU0Cbp4skCuKQOTX2suf01RTgr3QFutsURhqTKTdIbf3y5oOfrm1+HBYrAUM72MJjM5rSeWZwBPxXpO8DoeR2ba1MGTSccr2EH2qVQXaeY0PJFw8ovHPxu2aw+2K9CmwMe0gaNqt7Rg+zcOZb3XAdFZ4LfoOtXwon36Lg6epZUykfeKpdquw1cRSrdk8a08RFJw6Z/YPjI8Emz9g1uQeObHNePVpKiZZ49L8cMm5pb9YRutWqz7VKsR694fFWWD3tw1T2MVhz9o5P90LDYnYlYMMUnE+Ck7H2PXA/hx4uYPm5VObP/ACV4cP8AT0WljpuHYY9W1A74IW0cTmoV2kioeyqd2kBm9gjgTz4qgwWxM5+kIcOLWSR4OqcPAeoWw2TTFNmUBrGNENa0BrWgDgNFtjllZ3NMc5jL1dvDWAIrFqd/dgMoubiaEGjW5XaHnvDKR9VwkjwPRZJjrrGzRzsV4EFQcTUa0XUmqTogVKc6myRoor2PwRaTba8EtSiAIAnyC5sERy18kBznGDxHD0Qilc/gl7OUDTgUbQaIORFa4wgGym5kx+qRBqp0ynNOiR9hY8FGpyTdWhOi6RMGt+SRICEFOcUoCG9hKVVFnsGnnxFBvDtGE+AcHO+AKuttbdex7hUpCtSkxlOStTF/ZeLOb0It8q7cqiXYykAJjOYveKTzFlpdu7MbVaX0TGUw5rvapu91/wDT/VoRdaYzpOTNluHxX8LENLuDK47OoOgf7LvUK+2RsIj2qJ8WOkerTCxO09mAGS2LwQdQeR+PoVJ2KS2wqVGj+mo9o9AU4l6fgtmsBANGsfSPUhXWFwNOf+Wvze5vyhYPZ9Vn16uLHUOqPb6h0rW7JdRIBD+06uZWLvi0/NXCaFle1g0xwZceEmGhOc97pBDQCIIIzyDaDwjpHqkpVZ0Dz/bl+DyCiVHAXIA+29rflKYY/ZOym/8AuWzw3IczMRQpgRTDH02ZXUh9UdtTqAgWBOl1giei9QJnauGcC22FxV2GZHa4WGk8YJJWB3nwnZYuswaCo4joHd9o9HBZck+rxVOZ2bT4hOAJ1gXPzsu4rhqs1CtYEF9GCTzUhiQlPQQnUQlEolZijuepA5A8EN7krXyEx10A2eaSEqWQmajcJXMZCY1yLUJItqP1CpJzeqQG5+CY1OLSkQzERzlHY5OeeqA0e4TZxd/5b/kB+K2uKw1Rru0M1ABGcQK7W+65x7ldmlqkc8xMLA7m1wzEgkgSx4EmJJEhoPMkWHE24r1HZGNbUZME8wPaHkYWuHoqy22dlirSLmw4gQHCwIGjHzoRbK4ki0F15WIo2ngR+ivYKzKQdnLmsPvOmi77zsp+Kwe+ez8NevRr0A767BWpQ7qO9Z3z+KLCV2ysY7N3alRh/pP4FbvZG08rXF9Z9QtBJA7JhsJglkX6E3XjVDEh57r7cYN/BeibliAGiQOTZ9T73nZGNGmixu8T5LA40oMFtNuZ312mXuAB+oQQR1nRXe6OMdULnSS0DK4OblIfmLgYki4eQYM9xtktPB0QM72sboS4hjTaLl0CNBfoo2N332ZhxD8XTt9Wm51V0m/s05g34xqrJYbxUxSxGExf1WVDh6nRmKLGNdHSq2j5OKxP7Q6YGOqdW0z/AKGj8FM2zvmMfh6mGwWFxTjUAArVGhlJhDmuD8znG4IBAtoqDeHajsTWNV9M0nwGvpkglj2ANcJHtNMZgeIcCs87NLxl9qypwSAJ9UWQW3WKklqUoUJtSqBaU9gcIFTDzcQF3agJpxJNgigEtIsUjUtSqeJlCDkgemyuTrJhQotITJ9VLfrpolpkEXt14K9JRXdEt1PpUGuBjXhpwSjCAEZhM+QT0Sue2dFJxeFDcoB1aCfNTWYNs3j05XTnYQ66+R0tAS0e1TkDu64AtIMjyKJsTZdB5yuzxw+kePkVZOwwg92LH5Kn2JXh09VlnbPVbcUl9xc4jdTCAz2ZPi95/FNdg8MxvdoUweZaCfUyVbh+Zqp8e03WXnlfro8MZ8YvFV3srvNMhpPH8uSstkHF1jfFVg0aw9xF+hMBU20j9KVfbqYqG1G8ZB/Bb22Y7jmmEuXbWbL3Vw9QA1jVrGZ+kquInwELZ7L2PhqImlQpMPMMbm83RJ9VmthYiy1mHqWXPc8r7rrmGMnUWxq90LA75kDEA+8xpPUy5s+gHotrSqS2FkN7qZdUZYRlGYnlmNpTwv7M+afoy9WpP1iITqde1jKl1cEy9pA8fkhNwjSNCOt4XRpymZieKYWlSThI016z+aIcGeI01iSjQV4ZzTs3JSzhR+pThgZPdE9EaJCj1XZOo+P5KU/DAHl0vKGKFyP/ACjR7Bc2E2yfiWQJTsiNFtVYokjM0za/4Koq45xt1XHak6Oa20fL8lzq9NxDpaOYkeq0Ssdn40i8kCNIF/VWbsa7JJjiR6GxWYfVE91wj7Q+CkjEki5BHLNNvwQS9wWKL+7rYeOh4ypNPHd2DAIt8Y9dFQYTEFrrekwOl1zq585vp6pbNo6eKAA0mBwgdVlmHs672HTNI8DcfAq5p4yWzcn0sqfeBveZVH2HXnS7T8/RRlNxeGWq0+BxQITdoGQs/gcbEXVwa2Zq59OyXcYnao+kKLsqsWvPUEKTjsPmqKPiqBp1R1AI+R+RW8u5phZq7bbdvGzZbnB1rLynZNcsdPNb/ZeMkBc2UdOF3Giw9a6qdvEF0EwIE6aSZUuhVuqjeKO1B/oHzcq4v7J5/wCiHUcDEa9E2SRF4HKOGnBNFQgQDrrz/wCyd25HP8P1oupwkdTjvcQbG3xHFFGILbhxAGsaeYQBiJHGfJNz2IINxbr6IAucOnLpqdL9eqc0tAkCTPoOMqlbWfTfa4mItpN1b/vDQLC7revNAFaQ651HWJtGnGyrsRSOcZADqSOMRwRGyZuNfkTf4p+UyTNz5W5ICG64gzfn0KL2zfcH3nfmisozBAJ5mT5oWRvI+hSDzBKAkTmqqh0JYSrkg7KlDRyXBOSMkJQAuCVAS8M6WxxCssFiTEFUIcQbKywTiQsssdOrC9HYqtDweqk7dIdSpVBqHZT4OE//AJ+KqseVKzE4Z88CyPvAfinJ6p36t9l08zQtNs8FqzG7JlbCk2yxy9t+P0n0quixX7RMU795YA5wHYt0JA9upyWpLli9+T/iR/0mf7no4/bP+Rf0UX7zU99/3nfmlGNqjSpU++780Fct9uIcY2r/ADan33fmnt2jW/m1PvOUVcEbCS7H1TrUf6pDjqvGo71QCkRsJQ2lW/mO9U7/AItX/mv9VDC5Gwmja9cf5rvh+Sf/AMcxH85/w/JVy5PYf//Z"
where user_id= 56;

update user_profiles
set first_name="Larry", last_name="Wheels", profile_picture_url="data:image/jpeg;base64,/9j/4AAQSkZJRgABAQAAAQABAAD/2wCEAAkGBxIQEBUQEhIVFRUWFRgWFRUXFxUVFRUXFhgXFhUVFhYYHSggGBolHhUVIjEhJykrLi4uFx8zODMtNygtLisBCgoKDg0OGxAQGi0mICYtLS0tLS0tLS0tLy0tLS0tKy0tLS0tLS0tLS0tLS0tLS0tLS0tKy0tLS0tLS0tLS0tLf/AABEIAOYA2wMBIgACEQEDEQH/xAAbAAABBQEBAAAAAAAAAAAAAAAAAQIDBQYEB//EAD8QAAEDAQUEBwYEBQMFAAAAAAEAAhEDBBIhMUEFBlFhEyJxgZGhsTJCUsHR8AcUIzNicqLh8XOCkhUkY7LC/8QAGQEAAgMBAAAAAAAAAAAAAAAAAAIBBAUD/8QAKBEAAgICAgECBgMBAAAAAAAAAAECEQMEEiExE0EiIzJRYYEzcZHB/9oADAMBAAIRAxEAPwDxFIlQulCiISpYU0AiITkt1MohYyEQpLqC1TwIsjRCcQkhK0TY1CVCWiREIhCigEQlQoARCVEIARCVCAEQhCABCEIAEiVCABCEIAehLCIXShRE4BACe0J4ohsQNTw1K1qlY1d4wEchoYkcxdIakcxdfTOXM43NTCF0Paoy1cJxOykQlJCe4JA1cGh0yw2NsOva3XaTMNXnBje13HkMVtbL+GbYF+uZ1utgdkk/JdO6zTSs4bgIaXEn2RqdQMeMqx2Zt60OrRSNGrTEh12WlsRJdIxiRlOYykLjLYhFNV2XMeBdN+5it4txa1mBfTPStGYjrDu17vBZJe8bd2pUa3oqdn6V5AMiYAIxM6YleS71WMNeKzWFnSE3mGMHDM4cccNCDxXPFl5+Q2MMYdxKFCVCsUVBEickUUAiEqEUAiEqEUAiEqEUSJCEqIRRBJCISwlhdRbGgKVgTAFKwJ4oVsc0KVgTGhTMVqCOMmODUOCeErgu9HGzleFC4LpeFC4KtNHeDIXBSWOleqNadT/dNcFs9wtkudSqWjqll51JzS0OOLA5rwdCCfXtFPNLjGyzhg5yo2O6tnpOoBlQBwIgzGOhVxthjLPZ77GF2ODQc5GEucYaDAF48lm9jvu0muGRxVntCs4N6S+8tDcQxrS4DiL0+nBZM3cuzagqijisu1jtF/5StZjT/TcC6ZF5o90g6aOHcsbv/sl1mZSZelt993PAHENx4TA5Bamz7wMe5rqLy90+9SuOAOfX9kzqNe1Zb8QtpGsWN4OJ7wCCPNd8KfMr7Dj6bt2/uYtCdCIV6jMGpE6EIoBqVKhFANQnQiFNANQnQiEUA1CdCIRxCyWEQiUqcQAFI0JoUjQniKxzQpWpjQpGhd4nFj5Q4oASkLrYlETgonBTOUblxmdYkLgrDZO1bRRBpUX3OkMEwCQSLsicsNVwlT7O/eZ/MFWyJNOzvjbUlRrtmbfDGdBUHsEtBHAYDyAXfad8hSbdpZx7Wqqtr7Ad+63PUceHes3WrhpuubiFlqMZO0aspSiqbo1Vk3zLjFWCMSDAkHj4rN7yVWvLCHyeteHD2SDPE4+C431QfZHkuaqIcRzKtYsfdlPNkdcW7IoRCciFZorWMhEJ8IhNRFjYRCdCIRQWNhEJ0IhTQWNhF1OhOAUqJFkcJYT4RCmgsSEoCUBOASAI0KVgTQFIwKUQxwTmlNhK1dos5tEgKUpApKNFzzDGuceDQXHwCaxeJE5RuCuG7uWt2Vnf/SPUqy2JubUqu/7gmi0HEYFx7MwBzxXKeSK9yxDBOTpIyQbJAAkkwAMSTwA1Wp2NunWDDaKrSy6AWMODjiJJGmE4Zr0zdvd6y0AegYy9q72nxzJxjyVvarFLS2BBGKzs+0vETRw6VO5szVgohzLrsiMlht69jBjzDewhekU7HdGE4LmttGbt5oIPHksuORwlaNCcFJUzA7B2GBTNV4x0BWQtzYqv/md6r13adnIhrRGCyW290aj29NREuA69PV0e83nEYa+t/Wz225FHawPiuK8GIhJCkLYJBEEGCDgQRmCNCkhaSMtjYRCciE6IGwiE5CmgGwiE5CmgGwlASoUpECJE5IpAUBOAQAnNVdsYUBSMCQJzVCZNDgEXEApwKdSIos93djm1VbuTRi8+gHMr1fZeymUaYZTaGjl6k6nms1+H1luMlwguN7nGQ8gvRWNa1oJWTtbUudJ9I2dTBGEE2u2VPQGYTzZ8Ml2/m2SoLTbmBU/Wk/cu1+DjpWcl0twI1XTUvDMrqsr2nT71S2hgIkLtjyUmI1bKvpi04EqVtdtQgP8AdMgZA8QfvRc9dmOChkcFzas6UWFup07wcIOAwyiFwsIDwYIEiQOERIVvTszKjA6M/VcVax3TxSwdCujL72brUbXNSmbtSPag48niJI55ryy12V9J5p1G3XDTjzB1HNe7EGZ1GXH+6it+yqVpbdqsa4cCNeI4FXcO04dPtFLY1Fk7XTPCELe7ybltaC+gLrhjdk3Xcscj5eqwZEYHPhqOS08WWORWjKzYZYnUhqVEIXU5AkQhAAhCCpsigSIQiyToAT2sCRoUjFWOiHCkkNJTNSkJbGogDCtpupu4IFWq2XHFrTk0aEjj6Ku3S2R09S+4fpsOPAu0Hdn4L0yyMAiG4cVT2dhx+GJoaesn8cv0Np2YMIMR6LtrhzmyzFTvAuxwXPRBaLzfDiPqs6clI0kqMztPaDqWYI55qusNvdaKg4TPLv8ANdG+1pa5rmjQ9Y8cJhYrdrbFyuWPODhhyjT74LpjxXFs4ZMtSSPZbF7MKyZSwWS2btUXc5+/NXlLazQ2b2ASW10dbQWqnC4arcF1N2iys0lp7lxVn4FSmMn0d2y6/Ug+64+Yw+a7qjSdFmbHa+jLyZuy0TjniYWnsFpa4Zpfcg46rOSratoNI45Sr6u4BU+1LrmkFdIkPwNr1GvbK8r342eKdYVGiA/P+Ya949Frtm24ucaczdwPcs/v+7Bg/in+kq1qTcclFPbSlibMYkToQtezGoahLCRFgIkTk0osAQhCLA7AntTQE9q4HRErVJTYXENAknAdpyUYWh3MsYqVy84hgkDmZjyB8VynLjFs64oc5qJrtkWToqTKDNBLzxOZVy+pcZ9M1WbAtzXAamethrOKudqOYBOkLHnK27N+KVJIrqdv6Q9V5HEyREcZyRX2tdF2mb2EF5yHGOJWf2yzogarfZzePms1a94r3VZiTkAojjcvAk8ih0y3t9n/ADdanZw4gOMvcM7oxcRzJIHeVd7e3FsjKM0GXHAYOkucXcSXSVjN09qxaSXmDIbd1wk92K9Wbbg9hBGB702WU8bSRxxqGS5Hkba1aznrtcANRiPFWLt4rzC29mOGS2VXoXOuup3pwyXON17AagL7NniJc+7/AMQ6E/rRflB6Ml4Zltkbae2WhxcTmfSScgtbYbDaqzbwhreLp8uK0dnslCiwMZSZTGl1jR5gKZ1DW+Y4JJZE3aQ8cbXTZUWDZZax7HvwcSC6MjhdgHTAKsq22pZX9HVwOh91wGrT8swrXaNputIaVNtyk19Mtc0PBAkHIkajnzSe/Z0r7FRU3jYWyXZBUVo3h6SQ3MmAMMZyWP3hsT7PUIh3RuxaSThxaTqR6Lg2LaS60UwTDQ6e2MRJ7lbhhSXIpz2HfE9qp7NZRpBrWgOIBc4ZvPvE+q853/pObVYSOqQYOhK9TsTxUpsZrHyVLvPsMVabqbhoSOIIxkc/8LnrZOM7Z1z4ueNxR42kUlWmWOLXZtJB7RgUxbdmFQiQpUKbIGlInFNRYAhCFFgdoTmpgKcFzOhKFqNx7cylVIcQC6InlP1WWBT7s6kEZEZhcskOcXE64snpzUj1a12AF/TUTBOLmgwD9CrXZzmvbBGJGIIHkdF5RsreirRd0dXEaOHqtzsjeSnUjEE+aycmKcfJsYs0J+Ds2rZQCQMW5Qcx3ahecbR2WLM6GjqumDrzaeyR4r1xwZXEjB3Gc1S7d2D0rC1zYOjgMjoY1H1TYMvCX4DYw+rCvc8pr0yHCqz2hmPiH1W53f2x0rBx14LL7RsFSg67UEcDoew/LNT7vODa0aO9dfvtVzYhGcOSM7XnLHPizf2dzXEiV3A4dHUOHuu59qo7PRcKuQyHetHZ+sLrhIWa1Rrxdod0Tg2DJHHMdqd+RcRIq4FdDaJa2GkxwOK4niqzGLzeWfgoA5bZYw2CHTB8VJa6zrvszzzUFeqHYQV0NtP6eiYgwe9W0RVpvpCDh1uRJAEc/oVhLFTLK14ZMe0n+UnP74rcb00w4Pe0RdLb0ayTBP3qsgTdeH8i1w4tOH3/AGWnij8voydiXzez17ZFrlrHA/4KvLbUvAO4Yrz3d+3FtFszlIOhHGVoRt5oEHXz7Fmyi4vo04TTVnn++1g6K0kjJ+Pe3D0u+aoIXom9+yX2iga4HWYbwbrdAAd6ExyXna2NfJzgjH2sfHI/yIhLCIXcrUNTU8ppQQIhCEEnWE4FMCckGFlSMKjUjAoAc9t4Qe4jMdiZTrlh60tM4VG5TzHyUiUJJRUh4zcfBotk7zVaUXwXt0eyT4tzC2+yd7KdUAEtI8yvJKVIsM03Fk5gZRw5KzsVspg/q0x/qNGI724+So5db3S/w0MW2n03/p67XpUqrZZddqWkZ8cCsFt3d40qhrWcXSDeFI5djD44f4Xbs23AC9Srgge66HA8pGI8+xXFk2uy0A03gU36XiZniOIVeEpQZbnGGRU/0VmxtoCq68ZBgSCCCDrgVq7LUZ8TR2kJjdktfGR4fVdX/TCwZNjkUskm+jrFcemx74za4dxlV/5y6YJTXOu1RAwxvXRj2E68UxzGuJ614TEjjAOPiErVEBXeHLnFAuaQIT7RRIEgqmJDHPfLi4jO/UIgaBl675JoqxXKio29Qp0qNVgPWcJM63cQFh3LUW2g+0Go904NJA7Bh5rLOWpr9Joydp3JM034cueLSaQqPaxwyBMBxMSRiD3hemf9NpMPSFjS7DrBoDjrjAxXl+49Zraz5wddFzuJn/5PcvV6dcOHaZHMFUtpVkLun3j7IbQyWH5Lx/eqwNo2lwbg13WA0BOLgOWI8V7LUom6S3EcPULzf8QdnwG1RxgnkQB8m/8AJPpyqVBuQ5Y7+xikiVItQx6GlInFJCCBEJUIA7jSF17g4ODHtZIkElwJBAOIGGoGvArkr1SHXZgCJOMYgxOGfYusWggOpXR13Un3sAR0TKrAIAxkVM8zGMkyoD+4AeE9/HtSDjRWMxDTzDvoF0U3H4fBwSlspRRafdae4IADUgElpAGpLdSBx5zjwUzmwSJmDGGSifQaGuhoHVOkeMaYKdzzUcXYEuJd1Q6De62AOOuvBQA0FKSghIVACHOdRkdR2FDXuHsveNcHGZ4yUiQKGk/JKk14NVsH8QjZwKVfrXcL89bUYyc+9X1b8SrLHtmToBPovG7WJqPj4iijY6jvZYSq8taDdlqO5kSo9v2Xtuy1mOtDHwACHySLozMz3lcth3gsrmuuVPfLiS1zWmSTIMRjEryI0K37bwWjPFsT2kDrK2slSowCDMGYw4Rry5JVqx+48t2TqkeqWnatEtkVWGcMHNOsQY5jyVZXqtcJBaZ4Hs5rDMruyu5iDGBiIGPfPeUV3km8GnKAOGI1HIKVqpeGQ9xvyjZmzFlkfXIxBc7l1Wm6OeI8l5yQrOrtCpdudJVu5Fl6pBEjTKIvYc1XOXfFj4WV82TnQtnrGm8Pbm0z28R4L03dra7a1MEHEYObynAx3x3c15eQujZ1vqWd9+me0aHtGqXYw+orXkfXz+m6fg9yslUTE4O+we9Ue9+y+kovZo4GOTsx6evJcOwNvMqgQdLwGo+JvcZ81p6jhUYQeGKzYt45dms6nE8DjiiFc72bP6C1PA9l3Xae32vMHxVMtmMrVowpxcZOL9hpCSE8pEwlDYQnJIQB11WAulsjgTie/T/KgL5cx3KPOCg2sR1f79qiLyRA5jDnB+UpLGO4lPYVG3EApwOBRYDLfVAaJxkjDiJxTNmbVqWaq19JzgRIABiQ6bzZGWBOOmHBJa3UnBjKIdUqCHVazpY2SP2mMBwY34ji45QM3WeyBgnN0Z8OQUAajeu0Aua3p7TW6rXNNd5eA1zcYvAG8SBkIWflXe9f7zMI/Rp/NUpQgGkoakhXu52z+mtIJEtZ1u0+6Pn3JZyUYtsaEHOSii33Z3CplpqWppcXkkUw5zboJ1LSCXY93mtBW/Dizu/YqVKRjj0je8Oh39S0NnbiCBMYQPXFW9ClAAOfJZTz5HK7NZ4MajVHkO8m7NqsbC5wbVpDEvZPVHF7DiwcxIGpWWdXGuXcQvf9p1bgme1eUb97EpUj09Nt1jzFRgHVaT7L2cJOBGUxzVvDncvhkVM2txXKJnqDg7IiPL1XUyeR8lnmuNNxBxjXJ0aEHMhWVC3AjE+OatlJnXaGnGIGWYnjMQRyVbaG6gz5eHEKavanVXtosDnuJhrRjJ7NT6Zq0t279SlZX1ah6zXNBaMQAcMTqesPPNQ5pNJjKEmm0Z0ppTyE2F0FJ7Ba3Uage2cDiMpBEHvhekbD262szAyWweZEx99oXmELXfh01nSvkdcgAH4W4lx7ZDQq2ziTjyLeplkpcfZlnv7s0VqIrsHWp4uj4T7Xhge4rzte3NYHyyA+NMDGGvBeXb4bGbZa4DARTeJaMTdIMObPAYeKXVyr6Dru4GvmL9lCkSwhXTOCEIQgDo/JszuifBMtbLrJECDlIEzhhxz9VEbW8jAeR+Sjol76gBcRAnETHYD2rmSd9NuASmneMHIRMHM5xhoMPFSwm0XCXdo/9R9EAPa3QfcJ1OkXG6ATPAE+QSsqkGWkg8QYPA+qtd2SBXdUd7NOlUquziKbS7GPDvUohi7y0nF7HkEtDGsvXSACJ6s8cVTFae5Vqu6Bzv3qTCxpwDaxo07QGSNXF9zHUDiVk6lScslBI8hekbl7P6Og1xHWd1j35DwAXm9goGpVYz4nCezXyleybJpQ0CD3cFT25UlEvaULbkXVgpQZ9FZMw7ly2Rt1uHcFJXrhrYx8fmqBdl2yn29X9QPEws7tiiKsUnCQ7AjiIx7Mwu3aVov1WMkDEuJOQa2cfGFzuqS8vywIGWWXrPenXXYP7Hk28li/LVehcZukFjviY7GDz+hVXdvuDWySTAAzJOQW53i2BWt9oPRFgFMQS69nDRoD8JXbu1uT+Xd01Wo1zm5XQ64D/DeALjzgK968VHt9me9eUp0l0de5uwW2cF2b8nP5iCWt/hBntzV/tHZ3S0bRS+OnLe0Ax5wuqy2e40AHh3YqfpReHJwaew6eipPI3Ky+sajHieGpF1bQbdrVW8KjwOwOIXNC2E7RivpiALZfhlZg6rXe57WCnTaS4kCBLic/5R5LHgKOqyRlKiceUWh8U+E1I9a2WYqvrOtTDSd1202iHdbR5gepnlGOR352yLTAY0XGvkPwlxhwN0D3efYqGzbQoBou0H3xm0VXCg//AFGGTH8IInJQWms6o4veZJ7gOTRoBwVbDhalyZc2NrlDijmhInkJIVwzxsIToRCkDrreymOoNaZYMJMHWNJCsbRSpuouqMa5ha4Nhxm8DryPkuRvshc07HlHiMDuPjp3qOm2Z5gfOfkuwU5I49seq5GsId3O5fDmgUdJA4+R+hVxs4luz7XVxBqup2dvHrHpKncWtu96rLmGMFXm1qXR2Cy0Piv13DjfJDAeY6P+pOhWG8VrAuFrw14FF4MtBBFlst0tBxOM8clVbdANQV2CGWhvSgDJrySK1P8A21A7uLVe74bKY6w0Lab5qur0qef6YY6zCo4AZyHDPhCorG3pbNVo5upE16c/DAbaGA8LoY+P/G5KMdm59K9Wvx7I8z/YFer2A4AQeC863Ho9VzuLo8APqV6HZYAE4LK25fGbGnGsZciphpH0MKp2vbIGB+ql/MkA6jRVhIeS8wGt+WarJ2WKoqAC2o5z8yAY0AkkDxE+C5nuc4OcPZHhOnmoq1uvCpUn2nw3kGi6PRcO8G120qDaDT1nRPfgPUnuVlRbdFeUklZebpUTccZ6r3HHMuAwk/eqvKzIE89NPuFVbEdcosGUAR96Luq2ouEaTA+vmq8rcmztDqKOkHAnXP78lGW3KTnz7zXE9wiFHfk/TyCNvOutGgu+JAz8AheSWeR7UM16p41Hn+ornAT6rpcTxJPiZQAt2PgwJeRkJQ1PhJCkgaU0hPTCgBhCSE8pIUgNhInkJEAd1C1gWSvAmSyJ064k+UdhUdndLAe7wj6pELmjpN2l/X/WdDVDU9qOR9QhCkQlosvCOweJDfmtDvjTu1cCYaalJo4CiKdB3cSxzv8AeUIU+xHuV233G+wF7rradCGSbkmgw37uV7Sc4VVYbYaNRtYCbj5I+JuTmnk5pc08ihCARvNh2IWcvpAyG1HXeN33Z5wRPOVonu6sckIWNsfyM3tb+Nf0MYTUIZOBEpdvVehoua3JrJiBpiEIXOHlHSfg8+2naLjWNGjZKze1Zuh5MuvST2jIeASIWrhSMjYbuj0zdx5fRZp1R6YqydF4AZRPaeaVCzJ/UzTh9KOizUpM8MY54/Rcm9dR4o3zHdwgoQox/Whp/SzygJ7QhC3TAFhJCRCCB1WmAYBnBpyj2mgkZnIkjnE4ZKNwEaz9x80qEANqEEkgAAkwBMDkJM+KbA7/ACjCMfHwHHAQpACmpEKQP//Z"
where user_id= 76;

update user_profiles
set first_name="Togi", last_name=" ", profile_picture_url="data:image/jpeg;base64,/9j/4AAQSkZJRgABAQAAAQABAAD/2wCEAAkGBxMSEhUQExIWFRUXFhUVFxUXFRUVEhYWFxIWFhUYFhcYHSggGBolHRUVITEhJikrLi4uFyAzODMsNygtLisBCgoKDg0OFw8QFS0dHR0tLSstKystLSsrLS0tKysrLS0tKy0tLSsrLS0tLSstLS0rLSs3Ny0tNysrLTctKy0rK//AABEIAOEA4QMBIgACEQEDEQH/xAAcAAABBQEBAQAAAAAAAAAAAAAAAQMEBQYCBwj/xABCEAABAwIDBQUGAggEBwEAAAABAAIRAyEEEjEFQVFhcQYigZGhBxMyscHRQvAUIzNScoKS4RViovFDU3OzwsPSFv/EABkBAAMBAQEAAAAAAAAAAAAAAAABAgMEBf/EACIRAQEAAgICAgIDAAAAAAAAAAABAhEDIRIxQVEEEyIyYf/aAAwDAQACEQMRAD8A9xQhCAEIQgEQhCCCEITASJUiAEIQgK7ayrFZ7V0VYssvbWeioQhIwhBK4NYTEoDtCTOlQAkKVCQAShAQEwVCEIILoBASpgIQhAaBCELRmEIQgEQhCZBCEhKAEKPXxTWAucQANSTAHUqh2l2xo081293eSSNYPwz+Sg9NKSqjbfaXDYQTWqhp/dEuef5RfzXlG3vaHiahc2lULQeAyNaOuqxxcHH3tV5eJm5ytJ4gXLup4eJnapi9G237UQ+1Ch3bgPquF44MbM+aym0PaHix/wARjBuDaYk+azNTEF1gcrdNJe4dNGj0TbAxujGl37zoe76wkrTS7N9pmNBE0xXbvtld/UAR+dVvNldusPVaM7XU6n7hy+hzR4TK8iquqOE5iI3aabwuRRBjOY1gTcyI046lGg94oV3VS5rS2mREgnPUAIkS2waYI1zdFNpUotJPMxfrZeE4Tb1SlX95TPeblgSYs38XEGIPJe0dn9tMxVFtVtiQMzJBcwkaGPGDvSsEWQagtTdfEspjM97WDi4ho8ynM4sZF9L2PTipMoKEEICQKEoSBKmAhCEEVq6SNSpgiEqEyaBCRCtBUhXL3wqzae0XsEMZmcdxMfLfykICyfVA1KrsZtbLIpsc98WaB8+CzG18Xi2Nz1cXRoRfI2nmeRO4HvH86LJbdx1Z5hzi8snJUzQ9okScrScoPCfsmcjbYrbONuQym2J7oJD4A4PbJ8LfNVOJ7e1aYgsaX6EGQ4GJ4wRrBBgxNwsDie1dZoyvrl0aZjncI0gmcp5iCqmvtZ9Zxkk73F07gTpvMT680tn4t/gu2dVwcK7Glon4TqCZgzpYR53WB27tg1XEMllHM7K0GXHk2dYFptHzj7VxrmMZQp3fUAc4crEDxn6Jl9D3feqmahABFobb4R+YGm5I+oShStmdZusC/mfxfJRMTXzXcYA0E90DnxK6xeMklgmx+EW04ncZnduCH0XGXENBkAuIvp6lB7csbngC4N4iAQLam8eAUtoa2LC3HzkA6eiabXDGlom95MZyfoLC2qgV6863/wAv33pBOrY0DS50zTrGnMmI5KPVxBiQMx4fhvaTxEg25KIWONyYHAeCmOYGtabHdczoSSfAOCZbJhBHdd8TpN9Ym5Pn6laXZO2HUXgUnQ4NcZFyRIJEaH8R6FZio4kEg3uT0EXPKHBNUcQc4fN2mPDLAQGo2zt6uXjPULgRYkjKTO47rDRP9n9uVG1WhxIaA3U90APBA/y2mIVRh8QAMpALZBANwBqB4QEVW9+WkwT42/Nkje84fGMc91IPa5zQDAMmCSAY8PVSQvHOzvagU8Q+o4kB7qYA1aGNEFu8zlG6Lr0rYPaOjimjI4Bw1Yfi5xx8FNgi7CVJKVIwhCEE6alSBKmAhCEBfpCUiFozcPKoNp1i90NkujuhsggGxc526YNhcxuExc46cuUbzHC2qocZULg5wd7ukCZfoakWJBF8oiLakATFlUDP16dGgajqxNV4IJEEtYR3m/FYGeOYmJ5rzPtRt2rinTanS0a1ojNf5efkr7tTtllQBtMZWCcjZyl1xDnQPl4cVlcThjD6lSQG3j59IBk/dFhqsUBLWi5JjgNfP8nop9Joa4gXDRL9Rnc4HuDfwB6FN4J4zNc0CCd/DdA3AfbiFJo1msfm/dzOEx3naX5yHdIdxCNB28OoMdXrEOrvmODBpHKJHSw3FZvF4g1HyCT6n/cqx2xiH1WRF83GwaO60X5kzzHVcbOwFxGuUEkcDBJH3S0ey08PHeJgkzxudfGVKxji4A2Aib2AixsNTvXFerlJFi61tGtGlzx/smmDNLnTYxOkmJPSEgafYaHrv68uEKI5xiwtwHCYk+R8lKdNRwGgcSegHdB6Az5JMW5rQGt3gE87WHQCB1lGhs1727Wgi2pOs3NuESfJcVXSdbD5n8jyUed/FOUh9yfzvQE2sQGAcbmN/daR4SW/0qvxLoqQOnjv9QpNWtJB3DvR0MgegUOqLxvsgJ7ath+dCIToxRBndYkeEg9dygtO5OVKkAcyPk77pHErEAth7bgx5x9lI2Tts03tu4EObBBylpG/ThFoMhQcNifwnS/r9QYXdVoDgXXBEEjW2jhzH9kjfQXZ3bDcVRFQEZh3XgHR0A+R1CtV5P7JdoAV30jfPTmd0sIg+OZ3TLzXq4KmgqEJCkHYSpAhMFQkQgL5CSUsrVkgbYY40yGmDuPgZ9JWK9pGKNPDsoskBwDImAAL3cP4RPXqt9XbMfncQvNvaEJcC+AyZufwZdw3Zj3TzuiGw1OGD3lQ3N2gg5ojvOPADTr5LEY/Hms7Mfgae63cZ3dTN+SuNq4pz21ariQX5Qxu5tPP3ekwTzLhwWe92YncNB5yfMJ2msmYoiI1JmTxmbcAAAeVk/hqYzNDjmd4wAXQbRcj5+lfSJBDzuHd5RbNHGRYKw2bTJM3043sLa9fEhAS6OFAcWnvSCyN2s2A8+vVd7TxOT9UyBAGYj8RAsP4Rc8yfN6pUFJsi9R8AcmnSN85dDzCpcVMm88Tu8EWnJsy2pMudoDPiTrzOtzy6KZjifdhoiXOeY0sajYB5w6/RVrnRHnHIXn0MJRijmDzrJPnH/zCWyqYHAzG7MyeIzkn5+ira78x13nxuu2VoZG/j5/f1TICA7YxdPduFh+fU/ZNl+5cGUgeL/kuBxSEoCDdNKXEGwHj5z9ly0Japt6eSQch5Kml+ZoP5kKuKl4F+o8UHGi7A7VGHxlN5+E/qnfwv7pPmZXvo4eC+X2VSM0awb85H3X0ts6vnpU3nVzGk9con1lTTS0oXMpZUg4hIESmCoSZkIC9QkQtWQK8r9qlA1MtEG5a5sASSBdsb/8AiN/IXqFasG6kCbAnReee0fCYh7c9EBsQwuM5oF2kWt3mxJ5Ipx4vj8Rnc3g5sxeNSTE63hRXEPLWzDQAL7gXCfmFGx9NzXhrr5SNDYNmYHBOUKeYtbxF/Df8vNSpY4umM+WWgWOUQ6ACfDQAazZTnD3VIF1ybtYfxE7o/d3u8t6c7N4Rjs9ZzRlpi+9xNoYJsLm9punKlAve6q8d4mw3MaNGj7ouUnascbekDD0TJqVCXPdJJJXOIYHdN/TkrH9G4qt2vWFNhH4nWH1Ky8ra3uMkU2Iry4kaaBRi8rhzkkrZy04HruU2GxdKCgFSl25cSu2BMFaF21DRKfZRlSchtidNHuynDS+FoF3f7K0xGEythTctNcMNs2/d4qRgm3JOgElcVafejkncQIAbzk8wNPX5BNGuzmz6QdVDSYDiATuEuC+i8E3K1rNMrWt8mgfRfOeBdlvvkehlfRWGrggOnUA+YlLKknArsJprk40qTOhIUkolMBCJQmS9SriUsrVmbxmGbVYabhIIhYfbnZjG3bRxBNHdSdFSbzq9wMaWzQIsFvZSoN4N2m7BYssYXAEgFo7tOn+Fz8vdeS50AiSABZefe7e0ljmua4EggghzbaEHl9F9a1KLXQSBYyOq8m9pWxWjEOeACXtDo3yG5CehMeSmxUu2B7H4OpVc6mJ1BPAwHQVr/wDDwBLoCjezuKdao9wkDDmQLnNnaBb+Y+Sg7dq1qj3Oyuj8IEgCOM7+iizbSZacbQJbo0O8gsLtio91Ql2unIRuHJWOLxFe8gjnF/NVxquIynwndOsIxkLPK1AJXTWHgrXAMZoW+KuRsb3je6+B0Cdy0WOG2VLY11XJKu8T2eqAwLjifmeAUzDdngwZnd426DwR5Q/11mWsK75LUVdmuLQAIvflb5JuhsiDceaPOD9dUVEncFJbgqsTEDmtVhsNSp3OWecSpBfTdAzDzWd5WuPD9s1gsHVaQ+JhWONrhzOB9RGp8Ff+6lsNyzzEpp+xxHEnV0XPJRc9tZhqMY7DkfrCCMwlv8IsCo1dkn09I+i2najZpdSa5gvT3DeyIMdLHwKx79VrhltjnjpFcb9J8yvbdjdosIcLRLzD/dsDhf4g0A+q8fwmzHVH5QNSrra+z/0bIHuIa4HI4CxiJHIiRbmndXpncLrensWytr0avdpvBMab1atcvFuw1RrsbSy1DbMTuBEafJeyApWaTEkFCba5dSg3SVNyhNK/QkSrRISykQnsnUrEe0ej3RUjcG8z3pAW2VJ2t2cK1GCYDTmPQC8c0qqe3nPs5wf6yvmA/Ys6A58oAHQein9qi1jeA8Ap/YnC5XYq4Jy0hO67nmPMFU3bykHe5DyRSzONXKYdkaMzgDNiWyB1UZemuHtjziQ6S1hcNJA7s7xJsoWJpU3asj+n7qyw9Ctjpr1CKeHY73TKTO4xkNDg1gHAEXNzPlj8UQ55LSWNkgAEm0wJ5rPw/wBaXkn0tGYFk9039VcbOdlEEqi2Zh3ua/vSWEeIImx4qXh6pN/VTluKw1fTTUACpPuRGih7MMgFWVQ2WW+20irrmNyosXiiXEA20tqTwCvMewnRVWw6TfeZjG/L9Sqx7K9RW4rGOouylgDomNXCdM3A79VNwNerVaXNpNqZYzMFngHQwdR0XHabZNVtV1RrXOa8g5mgmLAQY6Kx7M4d1PNWcC2WhoZHfdeSSNwtF+a11ixmWRrAYoG7CYmHMPxNPLlyWjoVZCqTgA95fADiSZG7QRz0VhhsOW6mVhlr4dMn2lLAdocPkruA0MELfBZXtLQmoHdB80+LLtHLj/FN2FhiKWcGHFsg7xxjnbVLtLEPfhMlQ5yys0NLruhzHkgnfopuySBTYyIgR1UDabowoP79cz/Kxw/8lcv815SThuzXZDDCpimMcLX0sdOIXsLRFl5N2DM4tvIH5L1ikJW1edDjXJxrk08IaUjPShcShAaGUsrgFKCtGbtC5SygOlzVbIIO8EJZQmGN7IUstTGM4PY0cw01RPouNpdn6eIeBVEtDs0cYERO4QrnCbPNLE1nD4ajKZ/ma+rm9Hs8k1jHw4wiRW2S7VUGUy5tJoawvdUixAc4AujQgd3nvhea4/YbHPLmuLQTJESJN7cF6J2rpOcDc/RY5+HO8rDky1XVx4SztCaG0me7aSLkmPicTvJXLGxoDcyZU+hgBqQrjYWxve1QI7oIJ+yy3crprZMZs5SwJpMZNiWhx8brt4V12nYA8AbgB5Kpco5JrLS+O7xlQsTRJCo8VgyDOUcVq8oQ7DNcLhKZHYzmHeeHop9BimHBRpdPU28k7kRmnTXbqc2+SkgLhxUVUMKHi8GXVKZ3A5vEER9VPDV1VHdnfb5hViWSosK7ms+EOMcrqp2/VjC0edWqfAAfdamrgZbDCATZxjvHpzWW7ctgU6TGmKYIJi0mJ+3gteP2z/Iz1hpJ9mrpxRPBpXrVJ+q8j9l37dx/yr1ZpW9cMSXuQ0pkFOMKRnJQuZQgNDKWVyClVbS7BXQKbSymTtKuAUoKYcYkwJWX2rioOt4+q0ePPcKx21GuOiN6XhN1R7QcXTf5lQBs/eSrB1IgrivZc2fft2YIrMJcNG9bfYmzwxth18lijishkCXSAALkkmAAOK9Faw0MOGvPfyjN/Ebnw3LXgk7rH8i3qMf2gM1Cev8AZU7wSrHaDzmPioo1XPy/2dPF1jDLZCkscCm6rJUV7i062KyaLFGVNUqspwFBEcE09OPTNQoNyHJMbVytadZeAfIn6Iabp0mY6/QrTCbRyXU2jbR2gKNI1AYce62LkE745fOFku1OPLmMZTLnSO9Y+vNbUhvAeSy/bGqWPYG2lpJjqunDHxcPJlc7uk9locKz8wItvXqjSvMfZ7UJruk/hXpLXJ1ESGuTjSozXJ1jkjPoXEoTS0gKcyJgFPZk4KVzUiHGy5BQHaVcoTGjWO+ArK4psmfyOa1eJbLHDkVkcU6ZB4oVipMXVIIt1J43J+Y9VWVqu9WO0RJA0BH9yqiuOC5+R2cSVsGq0Yyg5/wh8nqGOLP9Qar/AGx2lDnlvPSVjSw6iRvG4g7lBxmEq1SXMd3/ACEo48rrQ5MJbur6pjMxJldnFABZKtXqMsYJGpFgV3SrueACYG9Tce1zLpejarC7LmbPCRKcxLxGupELP18FTIsy/HeFLwTMtySY/NlNkVKuqZhPipeN8E+AifmFHYU60ws1HS5MulKai5a9BFp71pOx+zmVqrmPaHD3ZcAeOZon1KoGBXPZbaLaOKYXGGlr2uPCQCPVoW3F7Y83eN002N7HUyDkaAepXmfbHsw9rwarXQBAcNPFe3YfaNJ/w1GnoQuNqYFlZhY4AghdTg7eA9n6bcLUL7ukRFlqaPaKkdZHUKP2k2E7DvNpYTY/dUD6HJPxG25w+Ppv+F4PipzCvNGNIOqs9nbdfReA4lzDMjUwOCXie27lKqf/APT4X993khLxDd5k8o0olLZpLjZcSmgu5T2WnYK6DlxKUIDtZDadLLUc3w+oWrLlSdosPI94N1j9CmuRlawk9PnomsRgwwZjqfspRbcW1IKr+1eMyOgHcI+qjKTTbG9q7F1gAoNKrfVV+Ix071zh64JlxgLLH21yu5o5j4JUegYcAncRiKbnDKdwFzyv6purTAM5kZezx9LJmidpCFW08a3QKRTxzIuY6qPGrWjaycGJBVBiNqMFgS48AJUUbRfMBpCXgXk1bXSumlVWzsXmVm0qNK2lNKiGrLy4dAkxFbKD5KLRKudJWmDxxLWvEiRMaQd48FeYDb1VnwvPTUeRWM2cXNNQZTkzuIc0y0E5XEVG6tPekOFiJB0VpSenllcb0WGMznbZ1tsNrsLKzAZ3tsfJZDaezchJb3mbjvHVSaVRTKddPHnvyjL8fH4ZGsxRfed2qY0DGA8MzpMeDfVa/F7Pp1JtlPEfULO43ZT6VMg3BqF2YaRlAbPDeujHlmTnz4rips4Qu/dIV7jJ7r70TlkTwkT5LsFeY0dhPfhamOzshjoLSTnJloJnjLhbetH2I2s+oHUahLiwBzXG5yzBBO+DHmo0bWgpWrmkwuMBTm0wwc+KqY7GzTacXK4e9cYjEquxGMHFXqQ5E2rWACg4jEggg6FVmK2hzVVitp81FzkazC1Iq0oMeIKw3bGoS8RwjxV6/beUibiRPTiou3MKH98QQYIPI8FnbLOlTHxvbz+rhybknzXH6E+fiMLT1dn5Roor2cLKNtZjFUzZrj+LzCc/w14gZ1KfiCFyzEX3+ae1zxd0dkjVzz4WUk4Sm2zW67zc6KOzGjkU8ytKVp9fB5uHbFgnKWDbqncOyVLZTtZZXIaRMJQg2VhnhDaYCgYyv+EeKkCrWzHknqZUVgTwTCS2ncODZhpJIOSo0GmQC5s/rGGDE6RUKkUyorACBam4NbmBbLa1Jz/d5swOrT3QTofeSJCdpOT5fhHD8rKkU+0qvoCCTJvFpsI4KY1yxbpDXp33o+EkX3GPkqXbWNNNgy2LjE8BF456JlnY7Eup0q0NmsZY0ubmLS0ODyZ35miNbyYAWmGFvbLk5Jj1Vz/h1H/lt8kLD/pbv3n/AOpKr1l9o8sfpsaO3XU6X6KcHQNspLqTvek8SZnNf7LS9hOztRjXVqoLS8ABp+LKLyRuJMeS1GBwEd51zw4Ke+oAF2zFwOe6wWsFUY7Hc0ztfakWlZPH7UnellnMWuHHatMVtHmqjFbR5qrrY2d6r6teVz5clrpx45FhiMbKrMTiZTNSqmKlRZWtDOIeStVsLDh2DaSBIe9usmD3hbdqss1srWdn3RRywO9UcNCXfsg67tGt7viTyWnF7Z8vpHr4cZSFnsVQgwtFUrAOLD4H6KHjKI1VZQsKy9ejdRqmFK0FWg3gmzSCy211KpKeGKs8Hh+KfptE6KWyErkcxkFBikNsuGpvEVg0c9ykUmNxMCBqVCptRqZOqdDUxCtCKzoaUrVzUfBDrgMBqktylwyRlIzWJDywxeYMAlGM3SyuptLrstnHu3Du0w5ri57MgnK5xHfaQ5wm37JtuBRKbw7SWtLg2Y+MfjaXOcJAFiCXeacAhPkvaeLqJdMqUxygMcnqdRZtdk2thDUZ3fiaZA48R+eCYb2oxbadOhn/AGR7hLRna3KGhmlwMrSLTI1VgyonQ5VjlcUZ8cyZH/D3/wDLf/S5C2EoT/ZR+qPWgo2L0Qhem8ye2J21qVmsSlQuPl9u7i9K6smClQsGpp6ZchCA7pLSbF/Zt/61P5OQha8Xtly+lftn4z1T1fRCFpkmKrE6rhIhc99t4RPMSoUrPBQsV8XghCcTXLV2NUIRSdhQ9q/D/NT/APYhCeHtPJ/Wpmx/2f8APU/7jlMKEJZ+zw9FCcalQoXDzFIahCFO0IQmH//Z"
where user_id= 80;

update user_profiles
set first_name="Carly", last_name="Killjoy", profile_picture_url="data:image/jpeg;base64,/9j/4AAQSkZJRgABAQAAAQABAAD/2wCEAAkGBxITEhUTEhMWFRUVFxgYFhcYFxcWFRgWFxcWGBcYFxYYHSggGBolGxcYITEhJSkrLi4uFx8zODMtNygtLisBCgoKDg0OGhAQGy0lHyUtLS0tLS0tLS0tLS0tLS0tLS0tLS0tLS0tLS0tLS0tLS0tLS0tLS0tLS0tLS0tLS0tLf/AABEIAPsAyQMBIgACEQEDEQH/xAAcAAACAgMBAQAAAAAAAAAAAAAFBgMEAQIHAAj/xABDEAACAQIEAwUEBwQKAQUAAAABAhEAAwQFEiExQVEGEyJhcTKBkaEHFFKxwdHwI0JichUWM1OCkqKy4fFUJENEk8L/xAAYAQADAQEAAAAAAAAAAAAAAAAAAQIDBP/EACQRAAICAgICAgIDAAAAAAAAAAABAhEhMQMSQVEiMgQTYZGh/9oADAMBAAIRAxEAPwDm7Acq1K1tFeC0AaRXtNbskVlXIoAiisoNx61PiL+oKIA0iNue8yahtDxD1oA1tCX99YdBHGtbbeL417UOtAELisJb3qX3ipBc9OfzigCI1gVsR5ivBKAMRWRU6YV24KT6Cay2DcfumgCAidq0voANqnCkHcfhWtxZjagAfXqK/Uk/RrDYFPP40AC69V84NfOvDAjqaAKE16r/ANQHU17+jh1oAoLxFZuHeroy7edXyrz5cftfKgCjNeq3/R56isfUG6igC4HFZBo83ZLF/wDjv8BVTEZHfRWd7LqqxqJUgDVwmnQA2axIrJrBNIDSt7MahWrNXrXtDamBVXiffU2HsyQAJ8q0wolqIodJldj1FJge+pzxUg1XvYMjlVw4pyd2Jq1grt+7cWyjSWaACBAjck7cAASfSlkbaKGHypjuRA6mpLjYaxxh389/9PAe+r/abMSCbVt5Fvwvc29rgQI5yDMcNxypUABIUbyd/PrVNVhiTvITxOf3W9lYHKT+Aqgc1vfw/r31nGuJ2PD1qq1IAhZzvlcSR5fkfzq+cLbvLqsHccU5+4cj5UvL4tj7jV1MZ3QVkEXF31Dad+Y/eEcvhQBZWxtWj245mjWIzK1cC3ggPeCWExD7hh8Qa0vY6yyx3MGOIbn6RSyPAC1nrUtuTzNeNiiOBayqw6uT1WPxpiKSoeprMNMTV7XbJgBvlUZKSePyoArFW61o7MOdEEa1zn4VBjWVvZoAqLfat+8asWbUETwq5ptfaPwoAMYvtHjbTaXv3EPGCd4qti+0eJdGR7zstyCwLbGOHupnzvJ0xV+2ly2qu6W1XQTMtxYzxPlQDNOxl2yW1NsrMBq46Q0L8RVuyE0AGNaaqkzC0U9rbYR50TybsliMVaFyzpiSDqaOHlUlAYmt7aHY8jMe6mm39G2OPAWz/jqniMp0KfF/Zh9QIJg7jiNuIoQC3gvaq+aHYJoaT0q3cvAdd9/dQMlHEUayjE/V8Ni8UNrkph7B6PfFwu3qqoD8udL/ANYWRE1av4pTZtWSP/kl2H81tUQ/7zQnWRNXgqZvhzbtWx9oE+c/jtFUMFZubkDiOJ40W7SXg160OXdyP8RYj5GiOXYYd2DFZuXo1jD2KmIsMvEVH+vdTbi8KGBkbUs4uwFJAYEb8+HkaIysJwrREiz7qmxQkKTUFo7Enr+vwolgbpUyIOxAkBgZ6qwg9PfVkEWVkaHHMEH8KsVSwzAXmVfZJaPTcqKvMKbJMVmawAayJ6Uhkln2h61qx3rNg+IVqZ6UAemsE1q7xyJpl+jK2lzMbKXLAvKweVaCB4SdUHYxHChITYtF6Z/6h4/+4b/T+dPHbzs/Y+qOLVlEbUu6qAYmDvXTY8z/AJTQJ2cVzA3HxYusdNtStssNohJ+4EzV/tTkwRFK3w9u4NSFmJiTMFutCcEL2Lw9xkZVPehtBndmQiduFE80ym6cDbt3SodHUAI25BYAE7DrVtk9QNn2UWzh+9uK8AKAwbbfYaQeU0v5bd7m7bQ94LetC8MQe71DVw8prpmaZRefBGxNsuAmxuAAaDPE9YpezrDgXUZtIMIhCmTo0+KG4HnUOVGsIdrLn0nH6rj7NvDs6I9tSyh2iS7Cdz0FLeI16HjcMryZ+zJ99dD7XZEMXiUv2jrS3ZRIkENuT4jMiAaTr2XpcsqbZIKi+rLyMDYg1dYMrOf4C0WbSCASOZgVft4TU4U7eEGq2RWy11VHE7fHausZ92dLYPCHTaD21Ku4EE+IxEcRFTgp3s5i2W6XQTMz6bdKIPhUbDXHuAzNt0O0rpLKy+8OD/golhsqi+ts3Fbu0ckjkSOBBqfAXBbRcPo75MR4QBwhjpJJ4gb0iXYkZuxa4hB30hZ5SJFEcPnsRb0rttIb8xW/aLs6+Axy2MR4rYuW21H2blgssk9IAII9eUU2douzGFGKC2/BZEcIAC8wKmvB0xt5QoZzau7jeBxHX/ihlhbnAaCDG0bDyPnT920wdtcSRbPgFm0R6FB/x8aU0AJ24VF1gvrZv/V/vLTXEEad9uH/AFyoCl0gdCP18K6b2dEoUPAiKTO1+WpYv6VGxUtx6kiqizOcaK2CwwMMo3PPiedeWdcNIHUg7e6umfQ/gwUttoVtQupMwQxKsJ/wo1M/0j4JltottVCvq1MyqzAruAOoPnWqiYykci7nDc7lwkcwoCn0mqeLtaVDqGKMTpJ5wYPz2p/y/sYbloXSV0hpbcCY/hHKsY3snrwxVSZRC6AcjqLMB13p14M3JoQVcKwDqyt0KxyrxcD2lZfVY4+tPd7Jbl3H4e+yq9srbcgmNPsgmOe/KnvtTaw93D3lW2jOICgAFpHAiONKKtWU3k+f7twd8hUapI8IEA+VPf0TJcOalxY9i1c1AsBokqNS7eJv3Y22Y70Kv5ddZ1W1hmZrYDNsEIIb+KnzKc0xtv6vOX9ypvohdbqh2BMaSo4g+dOgbN8Tee5cx1p7gIRlZFEBlXZoPv8Aurof9K2vtffXK+02IZMRmQUaW7hXB25E8gJ29a2/pW//AHj/ABH5UlEHI1ynJ3sgMjtaw6Pp0rGpywU6pPEjhPLerTYO69phcOti7RcnxABpRfSI36ilntRnzXbpV2UrbDAKreEQPZQDj/NTNl91mwNgtbiHDaeEhZIJ68PfVNCTF/tNm1y0zWxO8Bn4EwOZHISaW8rzMXFAuGdAMGenWtu1d12Q3G/fuFRyOwk1GuVYQ4UXF194VLaJ4gfvR61lJJm8G0GeyPaBlN4oxUF59QRG/wAKO2e7W14fs3mPvUfnXL+ztx+9hBO2pgPsruT7qe/rWq0xRWY6GWFEmXgTHSoXxnXhly+cL8oUOxhi/qPBbbsfQL50/Zzmf/osCgYhnsk8d+IiuXXbBtllJ3inXFglssXjFq1Pp3m/yrZxsx70DMVfuI63NJLtqmB+7A3MV0nsk+qzbvuqiBKiOnEnpEfOk/NLAOJxF03WsW7Vzu10qW1s3i9kcoimixiu5sYe3cuqWvMG1shtxb4qpU+zMTTfGmQuRrBH9KWGDYe0byBmuszT+8mwCgHpHEcKEYa22IsIuqXQBSTxKjZW9eR8/WjH0wZmhSwEIbY7gyBw5ihXZt9K22O02z1gsTsNuNRJWawn1K/bDDhNB7yC1oK3AQltQLYHOWAH6NK2HKkzMyfXenTOsifuLdxkS2G8clA1zeRDHjvxE8iPSk/DAA7t4V9w+VYyOlPA05c6omrlSx9ISkvYuHg6N8VYGP8AWKt28UbjgDZF4Dqep/Kt+16d5g1fnZuif5XlfvK/CiLyRNYGP6FMwtlLtpnC3AQ1sHgSOY69COlO/bnFC5ZsNw1ajHQiAR7jIrlf0Q74ht40DX7jC7+Q4muldsB+ysDqLjf53DfjXXFYRxz2ypltoaHctARR8xQ/MMTcuIVtkroYgsrQRwPDqaJYOy5w99RsWChSdh7Inc0Jx10C0y2yneyJgBkInxFn6xNKb9ChFPYYzbDs+HPh13VRd1O5MRsB58qVuxmHxITE6y2tHKoZkqdPCeXEUUweLe3puQXleI9g8YgdRzNVcHrQ3FA/tAzuzD2rpjSF6LHPyrO2aUkQXc6xK3bAvYNrt86gPEqawOEnnHHepsN2gxrX7YvYcrbS9ZMG4pK+IxHWYiiGbX7yuptYM32tLqMQpWQJO/H3Ur3c2xTXZOFK/tbOrxAkaSWgddiaskb+1OALXsXf3AfDMunzEnc0F71abc5wwdrryy60MqTsJSOHCua9/wCfzqkGy9YtWr2NuxpB/atb2kFuK7DltTBmmZGzhra4pGgRFwHSmo7hYnUBFDexmUqmLVnu2WKg6RbuapJHSN4E1Z+ldIwaDVrm8Pdx291ElaCLpiZ27xrutlDb0AanUzu+sjff76s38pxFvL7V7Tpa2WWIk6G2nblS5n2Pa84Zz4lVUUDkFEAUzXO1jrgrWEbUt0M2pyRuDuARHKk4KMaZXdt2gF2bm9dWz4LRII1sNiem3M10jsjk1zDYjFC4ZNqyxJA8PiErz5jeK5icQ6X7blg2o7Egbda7jiSi4C7cU+K5Yk+Y0xIqOioruzjuUq93GHRbDnRJXRrEACTpo5mNm4Ws3GtXFFq2FgW2E7kyNthvQnT3cGzcYXDu5EqQIjTI5VYu5xjtKJZv3TcuOltAHJlmMKN+pIFNkoN38xa7ZItWrl11aUDLq3YdAJMDnVyxh2F0PiLdnQukiZa7qjcRJCievwpmzvCthMNbR7hu3dIFy5wLtG5gcFB4Dp5yaQ8RiyZJO9Zz5JLCNYcUHlhHtFh7GKu949oTAAUOyLA8lIk1QzDPGtj6vYCoyqRO0IIO5PMztHnVFr+nxk7Lv6mpspsLds7jxszMx+1J2n3RWSTe2bPrHSH5saL9qOMrsPQcKRMba75woXcbcKuYB3syFY+U7itMquFGe4QNRBgeZq3klWgMkKzDptW+CxC93dRwCrLBB4EkiPnU4wA3LNueNUc0tIiEhwdxt76yWy2i92YwpwuJL2WlLiMjA+0gJBkfaG0ddxxp57V5iDatOYAVGieGxSBSFgzPiB3PxFFLpa7b7u4Tp5EcRuDtPmBW/H+R1VSRjyfj9ncSviu2K3MLfGg7BBb4kI0+I9I50pZRmBa6BcvOiMYLAxE/9fOrfafLFwlpFW6XN4lj4So2PLffj7qX8JZ1PbQc2k+n/QrW7yQvjFo7RiMIbti13R0KFkeIyRyk8551rnOINsadCNFuWliGHKV233pf+kR2WxhURmUbSVJUxpA5etMGfXCthtIBYWhueNQTWC32e7Q3fq16637ts6XIhXHCfWuc2O0d62AwYljcDBpErpEHiOYNN1i8DldwsBIsyRyBLmK5o9q4LQ/ZuR4oIRoPmDG9W9EI+gM5Ms38SD5rXGe/boK7Dj2kWz1tW/8AaK45opt0wjlDj2O7K3LWLF7Se7Quq+SlZWdunE9ax28xiC3atM63P2rOdDA6fsgj0Pyof2l+ku/ftLbBNv2xc07K4aNPmIEyJ3mufPjCfL0qmyYpjD9Qw2rvFY+EatLGJPSfWheLhiGIJbj6UP8ArJ61sMSetTZo0b6gWXVsFYH3TvT1nvbougt21CoECHmSIA3PAUhF5Fa27zIwZdiOHP76VhQet5di8QPApVSCQT4ZA4kTuRTB2Iya/ZzGySCbNqbjFip8fdOBEdHKmjfZXO8PiLKKLIF0IUZgpMbfa5TUeJzIYW+CE1yhBBJAG/EedOSVWhReaYY7QYtrimTMcKRzhmJPSnJLishPEGCPQ1Q7R2wgFq2PG3E8l47n4E+4+hw2dOsidiR3lxbS+p6QKZcBg9MeVCMiwZa+xWdKKqyefFjPnuKOX72ms7qRdXGzGKccxvVK6edexF+a0uEkbVTySitiZPOhWa2DpHSRRtcK5ob2iYKFXnIPwpIphfJMACzEcIojibfh6RQXLsx0RHA1azHMRGxqlXUh2mSq1u6vd3lDoeR5HqDxB8xQ49kO4xNvEIxawNyOLryg/aXfjy59arYTGQ008ZRmSMoU+lKCa0PkaewB9J2kHDAnbiPlTRg81tXALRCNIhnKMsr0DRu0Us9vMIt2/hlLhIIiZ38XARzgUbzjQzojPoIIK+ccj6itfBz1kqrh1e3i8LaEABUQkz7RLbnymjWIa8ndYa0iabQVSWO5UKJYCqeHtLZXEsFiSHBkkHwwCSf1tVft9m5wypctxruIsGJ4bn8KrwT5GjMnkWyedta5n9Sp7wuNa9hcJeaNVyyrNGwnnQ7+jx0py2ENHFsQ81Xn41s7VGaGUjbVWQ9RvUuBvBbiswDAGSDuD6ikM2V6kmauHNV/urf+QVp/SSf3Nv8Ay0rAK9ju0Ywb3C4Yq6EaQeLDhtw+NEcR26s3HBuYY7bbXOXpFK5zC3zsofcfzrIzCz/49v8A1fg1HYVHXcDds3cELmH4NcKASSdUIQN+BluFaZ4miZMvEFv4tpI94Efyr50P+irHW7lq6ioqd1c70gTuWQKrbk7ynyqXtDd3NT/Jd4SNuztiMO7dbjj/ACnSPuodmBmavZBjlOHu258SPrHmrAA/Bgf84ocH1E1zcipnTxytAkX4ME015Th10a291KGHwxu4gW15tv5DiTTZm+LWyugGAoq4t0TJZI8zxqICTsBSDmN5rrM52G0dAJ2FTZlmJutH7o/UmpcqxPdksCQY2AGxPLUZmJ3IgzEGmlRMpXo1wN2VjmNq3vMeFaID3kk+2dz/ABHck+v4VPmtvSAecx74PygfKk4tMalaK4kUUwGMIIihIeRVjAqdQpoTGTM7TXruGfSSEJk9PEsfjVjtLhS+ILBSQAI25gVcXMRhbFtiAQbgVyeUgmflUX9a7TXSoZAnJ2mPgBNa9kZfrk8pE2T3ndGt3pC+ETzgzNXe2GBw9w4dLwZlACrEjdiAJigudZ2mgC3ctXJJDaWIgaTvuOtFrue4Y27f7RS40tuZjYAr8qfZC/VP0/6DdzBizZs219lFKj0naodNbZjneGZVi/bMTPiFUf6Yw/8AfW/8wq5NNkKEktM5J2r7O3MHeNtvEpAKsAYg8j50Dp8zNnuqbdxywPnNI+KtaWK8Y59fOm6BWaE1tbwTMpdYIHEcxURNS4a6wkA7Eb1JRgCvGvTRbI8rW4ytdIW1JLb7kLy268KaVibA2LsuulmUgMJUkbMOoPOoQfOuu50MOyKqFAumAANQAnwqJGwAoJYyS3rBGkEeQjfyilJUwTtBD6K8ObeExGIPC5cW2vmLalmI6ibgHuNbZxipmjufG5bw1hVZNItgmRElpZjttzik/N7NxN4JVgGVhuCpEg+W1TZdYBzYtkbUhgj9EHqKs4TOQZkQx5cifKgmIvHoaht3NwamSTHGTQ1dnMyXDvevXFliItgERvxJMwOAoRmmPe8xZjA/XDr6mqysP+60vvQkkEpNkWqKs2GqgWqay9FBYbt29QI58vUcKlze018WNHtMNRnYbAgk++q2DvRV/BXmVRA6wT01E/jTqyboB4e5BhtiDBFMWWsszzoZnWD2F0c9m/A/hUOX4iDWembfZDbnShsI4K64KNH+ID8ap9gsuwty+y4jChlKwoY7AlhuIPGKI4Y67FwfwH5CR91BMLaYOCJ232MVrGvJlO/DOpXfo7yxgdOGSf3fE4B8iZ2NLt/srlysVfBaWHEd7dB/3UQ7Odr5ItXiA3BW5N5N0NNGNsW8SBq9pef70dJ5rWnRVa0ZLkldN5EHFdicvZQ6WnSeXe3D95qr/UfBfZuf/Y/502YmAuleCmPlVenKCT0EeWbW2c8u2pnzpfzvKURNazxAg7im65ZFKna/Ebqg4ASfU1CKF3TXrbRNSEAKOp3q12dwi3MQoaNO5M8NutU9gDw1OGR37dyx3QTdZk8CCec8wanudhldpS6iTyB1D3Cpm7Ftb2tXzuPHMKdulKn1tBaumFsg7PvimCqVEbsSdgOHv9Ke27B4VbZm45ePaBAAP8vSuV9mO2C4OVKMw8M6SNR0knieRmux4HHrct27w2V0DRxgH76routkuWaETtardzaNtiyi2ACOEKApJHDlTNk2VWcRl+FDqCRZUahs0iQdxx3msdqMMi2TpEKTIHLxSxjykms9i7n/AKRFH/ts6+4sXH+6srzRt1+NgLPOw2HQFtdweUj8qR8XlKKTpZvfB/Cukdp8cTIFIGMbeok/Q4r2VLnZ59AdSDPLgaFYzB3FHiU+sfiNq6JYT9ik8hQjGHeKG6BKxBINTWLTngPmKaGwFtjugPuoll+TWCd029W/OhSsTVC/gsExidhxO/y/XSihWNqv5rh7dtgtsRtJ3J3PAb+X31RZq0RmWrOGN1HT+BifKFJ++PjSnZ2MU8Zm4wuHNs/2t2NfVV4hPz8/SlKxblvWsZs6ONOhsyW5+wuE/ZP3VRtDmTFXLbBLAX7R+Q3/ACrSxgjelFtl9pIAnbzrSOjOeyvcsXRdsstpmVrqAsBsBIk/Cm7DZ0LV24ty4ukNC7nWPI+VYyWw6qA4ZdLgAHaFAEQKVO0o04q6P4q3jLorOdrszoWIZSgZeZmQZB86qzQHsbiS1u4syFKwOkzNHqcneRJVgSXudaSO09ybx8gBT0U2rnOavquuf4j99Yo1Irp2HoKL9l7a+N2YCIAkgHqYFBr/AN1Fcqs+AHqaqWwQ2WsSQRpaIqZsY53LTtQK2p4z+hTHdzLLVwaWjbuXMW4YSJVQ7bAEyAQJFCtidHOrp8THz29Jrs/0W5l3mCS2eKFlHoDt8jXJzlDCQ7AMNiBvBHETwp9+jNO7tsSRs558zEfKrjsT0NWeXD9XAb7bx/KDA+41D2XulbFwj7f3qPyrHa277Cfwj5iTWmSyuEDMunW7NEg7CF4j+U1zP7nUsQoqZnclCTxpPu7uB50144DS00rWyO+HrSYkMeKuBbajypexd3erebYvlQFrsmamTGkF7bTRbAtA35UBwWI24VPmmIIskAkF9pHEDnH3VUSJGcRd1MWPMmiWR2VWcRc9m37AP71ziPcvH1ilrJu+uMEJBngeEDmzHoBufSiedZgGi1a/s0GkefVj5kya0nJIjjg2wfmWLa9cLE8TW+Ctb1rh7FW7axwrGKs6JSSRauXZ93Ci3ZjOFw90s4OlhpJ+zvxPlQIg1sBFbwfV2csl2VHVL121dbQrAOBI6EESCOopGzLKMY1xmOGW5v7Q4Hz4zQfC5oUcAtABEN9nf7q6hlWPD8xq+TDyrSecoiOMMTey+WPZN7VYNrUFPEkEgnzPWjc0ax91CCp2fTqGxjYid+FBYoTtIGsiNmmI7u0ziSQNh5+flSCbWs6yQoYkySOvIDen7NmYW5SAZ9dqVbV/U4VyEUzLBRI2P41CLYMzVgXJWIMcNuQ5UfwuFa3ZRiNjzBnf3VGmFUiUNiRzaSTHPSTE1YXEMiwEQGDsrjuyTzKMNvdQ3bA2LDSPhQXNTD+golhL1xtnCAcZB/Cg+MuanU8ifjDRTiDDbYBAll31SygsJKz0nrTN2YxVpLq2NMLdRip/jXkT1I+6hue49u80wDGwkDiAKlyzK3xly1bYlUDh7rDbTaQEtuOE7KPNxW0qzR0yfE+PGxsz5WvYwWk9ptKjyESxPkADRbM0AC2k9lFAHoNt/OrGWqALmMdYa7Itjpbn2vViPgB1qjabWGc1yUTYEzVoFLGA8eIA9flR7PLkyBQfs/hyLr3TsFQgebMR+E1D2UtGM4G8UFZaKZi8k1QK1mykibAJJAqbOR4wvIKKzlY8Qq9ndsK6XD04dSNwPv8AhVwdETjeEVGPc2yg/tHHjP2U4hPU8T7hyNQYOxJqEMXaTuSZPrRNToWP3j8hR9mU6gqMXRGy++tFVq8PWtwD1rWqOduzwVq2ZH5VtpbrNYFtvOgRSxNpidxVvBZw9hHUyUKtpjipgxHlW12y1UMRbMHnVJ0JoBZRn2JtOW1NclSul2YjeN+PHaiP9a739yvxNa2MIATIqTuRTthSD+IMqduVJ+KSGMU23XJBApVxohjUoZTYVaw2ALbkGKhCimLL7g0elMBfuAKD4CpgxIqsFJRSeCxpHoefrTLmSqyn0pd7vl500JjRml8PdkqoPFT7t9Qo/kmLK4e6AQ0lQxHhlZJ0g+cb0iY3E3Cd9MniQACfWONMWVC6uDkmNdxioiPCFUT8Qa6Hy9eKUN21/hmuNJpoYsx7bm54WshQIACtsABAABG0cKiw/auyEKkOCecAj7/1NKT6h0NQm4ek/r/quM37MZsRmuHYe38Qfyqr9dSIV1+O9LOLuNHhAETPM8Qu3Tbf/qq4cHh+v1FKh92MN3eohaNCsZbFtlCuGDIHDLIEEkc/NT6iDzrVcVcHBjUvjLXKqDGFaHo7nOG73DErxQav8u5+U0kpj3BEwf8AvypryjtMqiLls+cEfcaIxrYSmnorZNhZ3PACZqIuSZNEez+LtqzW9UISdOr7O8T5xQ51g1cVRE3Zs8xtxq3gfGQQRuOfUVVUVDbPdufstuPI8/z+NWskDAjqNiKkDLQy3fM71ZXEVNDLVwg0Jx9szIHrV36xUd+9NCECLpkcKgmrOJJ5VU1+RqgCN290oFjhvRAuaqYoTSAoVewuJ5VTK1ZtWRFMCe/e2qhG9T93XtFAGFtywn3+nOjwvMbY3MbwOQHID0FCbI4+cKPf/wAUZvrAA6CkwBGMutyqO2xIXrpEnz5/dXsSZY160KkDXFH2hyjbryqhe21HqY93P8B76u4wwjHoPxFDr58Cec//AJoA0sJO4qyLRIkSePy2qCydJqdrhUnofvoAiCvOwPwovh2fmoNBO/cczVmxmtwbTPrvSYxhwWAa40rbaUgmBI8p+FXDgLp4W26HwmguXZ+1u4rgkEbHiQQeII6eXpXS0xYZFYfvAH4iaEwoTDhbiiWRhHMggVDiLOpSOfL1p1uQ6lTuCK5nn+OdbrIo7vSdLA7zHAgjkeNUnYMK4S7IE8RsavXLciRS/keL1GGIk7GPPgaYsNcIlG2INOQkVmDedRsWq/cNVL70hlR60rd2rWmIwwNUrkkmrt25UBoApaDUyDapKyBQBoFry25rcivJQBcy6xLL0BJ+EAffVvF8TWckWZ/X641DmL7mkxAZjua3tmozXlNIZHmbeBvd/uFUb52ten4/8VazM/sz6j76qXh/Z+n40ATX7W01qjahB4irYEiKqXbUHagZqbdaXbJG8bVZS5Viyu/lUtuwBBNP3ZLNlbDhbjgNbJXcgSvER8Y91KWKwMSRwqOzhWkrHQj0qlkDpqZhZie8Uf4hP30vdoxhCTcIDsRpBVtweRIB36b+VK5wjfZ+6tVstMad/dVdUKzS1eYNIVQNhttt8KYnxLMquo5ceun8Rz91Ll0wCSCADB9atWc0a3ZKwSrHUh4Q0Qf15Vap4Jdhn+ktQ9pQfOq1y9P76/Gle7jmYySSawMW36ioooYyf4x8axv9sfGl9cc3X5D8ql+vN9r5D8qYDE53rVq361GaQHqzWK8aAPE1hTWprwoAOdnbgJdfKR8QD+FUczbep+zf9q38jfetVM19qgQPZq0BrBr1IZDmTfs/8Q/GoMR/7f651JmXsD+b8DUeJ42/1zoAvLwrW4K3FYakBWIqbD3INRPWgqWMMWTNaYxgo2Pp79yPTb51Hl541Tz0wygcI/KnFCZscWepqK5jDIM8PuPGqdjc71m6K0AJ3L6sIO49KiuXF06OXSKH2jtW4oAlu4ZSshQCOPmP+K2tWUdPZAI8qlwnEesfGocJs5Hr99bJKzMGlN69prJ41isjQ//Z"
where user_id= 82;

update user_profiles
set first_name="Faith", last_name="Ordway", profile_picture_url="data:image/jpeg;base64,/9j/4AAQSkZJRgABAQAAAQABAAD/2wCEAAkGBxITEhUSExIVFRUXGBgaGBcXFRcXGBUXGBgYFxoYGBcYHSggGBolHRYYITEhJSkrLi4uFx8zODMtNygtLisBCgoKDg0OGhAQGi0dHyUtLS0tLS0tLS0tLS0tLS0rLS0tLS0tLS0tLS0tLS0tLS0tLS0tLS0tLS0tLS0rLS0tLf/AABEIAQ0AuwMBIgACEQEDEQH/xAAbAAACAwEBAQAAAAAAAAAAAAAFBgIDBAEHAP/EAEIQAAECAwQGBwYDBwQDAQAAAAEAAgMRIQQFEjFBUWFxkaEGIoGxwdHwEyMygrLhQlJiBxQkcpKi8TM0s8IW0uJj/8QAGgEAAwEBAQEAAAAAAAAAAAAAAgMEAAEFBv/EACIRAAICAgICAwEBAAAAAAAAAAABAhEDIRIxBEEiMlFhE//aAAwDAQACEQMRAD8ASQV2arBXQ5YEsDlIFVTXQVjFs10FVAqQcsYtG/v8l2agKrgKxi4Fdmqw5dmsYsmvpqAK+msYsmvpqAK7NYx85ylCM96rKguHTSSpNeqmRQaO4+a+eCFjGjEtUOBMTxDchMUkiQV8CO8sJykQMtBmtZw0FyiXKppXZrGJEpsuH/QZ831OShiTbcB9wz5vrcsdPOwV2armpLpwmCugqAK7NYxYCuzVYKkK5LGLApznXj5qTYJoJHhSenw4LZZrveaykOZC5aC4sxgLk1st0AQhORO2evsog0W3AGXog1HJc5G4m5pXQFkbbBkJFGrA+GRJ324BpW5HeLMUl8jkS6WO+F0tUyCOBE+SHWqxOZmMtOg+SykjOLMZK4viuErHCLgpQ48qGo7lAlVlYxsMPSKhbbFZHkESoZVyyy3oVAjYSK0JTHZLdILpx6Blosb2ZyO5Z8J1Hgtt6WrFQFC/ZrGRcQdnEJv6Pj+HZ831uSanHo9/t2fN9blwI87CmFALqIAkuqIXQuGJsE6I1dV3PiUaAPzO0AbTt1d1VC4LrdFdMZV4aZJzhwWw24WUkOs4+s+5JyZVHQ/Hjb2Y7JdTG/EZyqZmQ7Z5eskPvK83ucYVlh10vNGjaTWvqi3vDox9nDBDBm7xM/VdM5ovZbBJmACYArLxJ+yGM/0Nx/Dy69rLEbP2kUudpa2QkdM5VHbPehLIZeWgT/LXRqNd8uxO/SaHBZNuJoOoVI4UHNAbksjnxWSyn6O6QTbF8WZX2NsJ5bOoOrI6dencmC6GzlJ+I6utPh40WC+rO0xjhJlPZwz9bEYuS6YoIJc4D8rmYuwDrcVw7RtjQmltYch+aE4mv8hz+UlYDHc0TD2xYeU5zA0S1sdsTMYGvPS4EHL8wdluCC3ldQJLmnA80nLqu1Ne00cDqNdRS29hUZbVZ2xGY2ZjOlW7HSzG37II+hkRIo5dzix05YXCj2ZgjLTm01royO22+LmBaHQ8vwnZngO7QdWaKM6dMGULViySvguOGtdCaLOlk1NkxpK4pLGJArs1BdmsY7NOXR0/w7Pm+tyS05dHf9uz5vrcsYRfY6lEwirQpLoBmLStd1WMxYgbo07lwJpuCyhjMThIms9QGXb5peWfCNjMcOUqC8CG2E0NYJU5LPYIbrS8gHDBYZFw/EdQ5d+/Db7S5xEJnxxCBuaTIDZnU702w/ZWOABMAMaSSdEhNz3c6bgvPV9+y/rRy0eygMBf1GCjWA9Z52pJvvpBaY7jCgjA3KTZDsIFd85VCzNtlpvGKXmbGH4R+IMnQE6CczKleLxcfR1kNo6qaqh/WaMOW3pCNdfQd7jiiE1qmuydFA1mET7NMk72WxtGhbGWcak2PJmkor0eS2+4YsF2NgO7CCJbpSWy7r3YykRgaNJYz2fEscByK9KtNkaRIgJftvRyG6svBZuSB4Rf8BQjQ4gmyIHbHCZ3hzJFq46zzoRMHQazH6XD4hsz3r6Lcvs/hHbIT5hUfvDmzyOtta9mjn25JTdnf86RhvK7cnDR8J1fpd+k+AOhTuSIHYoLpjfmNR3io4a0SFobEaSKjSPA7UGjtLIjHtOmROsaJ7jLgUfaFVTAPSGwuhxDMV79tdBBCEtT50qge1gCK3Nsj2faZSO/MqiErQiSpnApKIKkEYJ8vl1fSXLMcTl0c/27Pm+tyTSE5dHR/Ds+b63LqMJC6FELXdtidGiNhtzcQPW4V7EQAQ6OXT7aIMQOCf8AUdW7WUxdIYohkigA4SGSIWWxewLZDqsbTKp0k7c0v9IyYjwAaGp0UXn5p85fwuxQ4ov6Hw8Tn2lwy6rJ5lx7pAy+YrRfUN9qeLOD1TIxTsBm1g7ZOO4BWOeIEJrAB1RkNLjNHOjV3YGYnVe6rjtOaWnvQ9R/S257mZDAAARxkNchhXsTIxOuRZByWlqzwwrnGQVEehMiMVZnhaQVVGC0jIxxmAoBe114pkZ6xmExuCzRQlONjU6PP7M5zHua6hOnQ7bsPloXbcCWOAz0b9HZ5o/f9gm32jc21S9AOIA6CK7CCRLkQg2hc4p9BLo+72kNzDk4fUJ95PBIt62Uw4r2kZFO3Q5pAc05tceAe4dxCx9ObtIcIwoDR8tE8idmjgm4ZbaEZY9MSwphQe45S5KYCeIokF8VIMKmIa1nSkpy6Oj+HZ831uSpJN/R/wD0GfN9bl1M4xCBTp0Bs4BMU5gEDZkT25JJBXo3Q+zys85ZgntJP2S/JlWNhYFcwzfLfdOOwDjVJTIgc6FvHFtfApj6R2uVndWuI8qefBId2x3F5kCcLpzrLaOBPFQRtxs9BLY6GEHx4bNRxHbhB+yPx7xLCGQ2FztOpo8TsS30UPtbTFiE0YMDdmRPaZ8k0PAZidLadZXYriF2YX2m2E6B/SO/JYrT0htUD4ml28U/qB70Oj9I4sSIYcBpe6Uw1jcR7Tk0EHT3Ga1w7XHqIsOIDqBhRCNc2sOISzyVMVKuhUpQTqzXY+nOL44ZbuqmWyXsIgoUtWeBBiD4WzInMaUTuqxNY6YQOQ1RVB0xljtV4tbVzgN5kpW14ASreFnEVxJJAHcu2waN1p6X2dlAS47BIcTJYf8AzPEerZ3O3GZ4AITGssJkiIYOrFMk1Am1jakZKMXpK6zkD2WFkszDewGshKY1VTE9aQEnvboM/wDkjHdWJDdDxUBOU9R1JejRxDi4NYLhqqTNMFkvWFaWGgNKgyMl5903jmBHgHQGOHZiEuFFyuWgZaH3orEBc86y7jiHiCivSRgLBSYdQ7iPskXopeBoJ1kw9rnFxTnEi+1Dm6hPgUqPxmcmriedW6zYYjgdZ4a1W0Jiv2xzrpAn2EB0u89iCNhKslIAKWBXMhK5sNYxlEJNtwt9wz5vqcl3Ami5G+5Z831FdRxnmgXsFwQgyztBH4Gccz3ryayw5uAGZNN+1eixbw9m3BnIeiZpfkU40FgvkYOljHYSwfmPAuJPInisNy258JrGlwYwNBIk3rONXFxznParrztuOTpzmM66Fhs0EPImKaJDMjNs89vFTQjSo9GMqYydCDi9q+UsTyeJJ8Uy3nYDEYWtcWzzIllqqhHRxuGLEbkJMcNUjiFOA4poFVz2cpoUrpug2RsQQxMvB62RBrI8+SCtui1Y2u9owNbMtGpxPxF2GZ7V6HGsgOkjcsxusaST2yTVKQDxwbtguyWIGIYgkAakTzOvKh80UijCRh1K9lmDRsWZ1XLkhkf4Z7zecKzQ7JOH1QC7QCZCes6xsWq3jqlUXfG0I60DLsCX1ZbS0NMGG15Am7EQZxCTNxk4YgBKQyoaVU7ujPNmdBjAu0NBqcq1mTLyKZYtkDlW279vgurI0KlhjLbFXo7cphOdKjTo1JS/avZQIkAnU/8A6L11tnDQvL/2uQi59mAyPtAf7PCfBcT2dktAXofEMy85UPY2YHevSuj0MymR8TXd33SR0au0kNaBqn4BenWeAGvYBkG+KRJ3M618QDe0ITG1o4tOHhQpWtZYx1SBplp4Jv6RQ/hbvP8Ad90l3xZgSHepEYh381ZHojZS+82DIE8lljXy7Q0DfMqs2ParBdTpTxALroENw6gHWAeITPczfct+b6ilq74fu2DUAOFPBNd0N903t+orIzPK/wBnsGJFi43uJa3LsqT3DtTleLCXy0TM9s6LH+zKx+5dEIrIDdOZlLs5Jmi2UOGWmmz7JGeXyofgWrA8CwjBI6u6h7lnY0sxNzlUHZrTJZ4OEgEIRfLAyJLRQ9jpz596BDkxou2DKT5SmAN40etiNwXhKN03sHRBCc+RDQGtlSIQ2ZeHcaagmaDEQPTKV8thEFfOIWcRFXFjpimA4nbVEVMFizxooFXFcs15snnOWoob3sNRdaLLdCpJB4bsLpbURvG9WVOSAfv0N5mCDLKR0+vVU7khcosaLK9a5oTYonVC2GMgbNVk7QvOv2hAOdA2F54AJ6j2ima8y6cWwOtMNoOTeGM//KJAZNIc+jNga2Ex+ksxduaNl3vGfyiW4/4CXOjl5YoLBqbhlykjFgjYiw6W04VS1GmwJStIydIWEta5oqHg9mMEnlySfbYDzQMJ+HROga0DlJP7oWIYc6c/QSzDtDPaGHiGNuY0qrDFNUyPK6Fh8B7aljx8pWWJ0gs7WgY5n9IJ55J/tQnDkvGbLZ243tI+FxHAkeCZkx8XQOOSkm2egdHbY2NBxNBADnCuec9G9Od0j3Te36ikDojJsN7RSTp8RL/qn66Xe6b2/UUtLYVg7orZRCsbKSxVrnKQaJ6jIcyiTRTn648lVaYspNGTRluyHrUrYZpJRyfKTZXBUiIOQ06NshkgfSc9aGddDuA80UdEm4b/ALobercTm/yuPb6K6jpTdbQ2LBMgOueJa5vjzTpCMkpRoJaxhAqDMbxM+CbILw5ocMiARuQzH4n2Xueqmkkr5xoqLZeUKA3FEcGt0uOVSAO9CmMbo2WizBwlJC4t1YatA811nSSE9oMI+0mM21G+YmptvSI6ggvdua5HwsJckgTaLndEPWy1aDvUrLcwaRMCQ1LfEvZ4H+3iapkOlyCoF8t/E1wRqL/QWpVaCEOgkpPcUOgXkx7pNM1viGi0kKToGWyITRecXvOJGiGdA4y+UYZ8k/3tHDGOdqBlv0JLsFmJYSfy8z6KZBCMrsL3LDLA3aJprun4p+svusNksgMKGezl5orY4GB8tEjJDJbOJ6CVig1rsXmHTyVltzn4g3GRFbPXLC4DZMHivT7JF6pdqPKnkk/9o91fvBgup1TWf5TLEO9Mg90hE1q2WRbQMA2kc8l5TaG4bXHb+tx4mfivR7SZtGxzTwcCvPOkAw25/wCqR/tl4KrN2ifD00FbnvBkLHiMgQNsyJ+ae7hvVroDHAGRxcnuHgvJ3RK1XoXRITskOn5/+RymU7kyz/FLGmxgjGstZHf/AJUmxurvVMV9d0+5cEwAPUxLzUaHEYDqvOoS7TXxCwGNOPL/APOfHDRbYrC1p2+NUNgsnGLtTABxme4Ji0jjDrQCxuwqXRq3zxwHHrQyQNrJ9U9mXYFCx9ZhHbzmEDtGKFHMZlcJ6wH4mukT392pcrkqCjLi7HwKFqu5kZhY8TBoQqLHaREYHtMwRMFELLES1pj5dWee2e5H2OK6G1xax08JBlIGpbPuRWF0ktdnM3BsVspVEiNRm1MV92cOGIieg+BS9Gs5bTCXs2ZhVRqWw/8AJTiaIPTOMQT+7sIOUiUuXxbLZEnJ+HESA1oa0DFSU5TlXMmiLw8LRJrXHeJDNWQIU3iYr3DwXaOLx4x2T6MXC2zQmtzMqnfVE7REU40SQQK/rzbBgviuNAOJ0AbSaJbWxEnYMv62YniGDkC53YJgL6z2bC3DqY3j6CBXMXPm9/xvEzvcWiQ3AHgm5rJ4xs5BFETPYRuR38OzWMPKSN2kVa79LvAjlNAbA0iH69aEWjxepuHg5pQctma0YrrtM8Q2Di77S4qjpAZtHYeM/MLJdUXru3eBV1/nqceTmpmL7oVlXxYFxpC6YCVqY7W0cifNOeNJ/TpvWhv3juPgrsnRJi7K7E+URp299F6DcbD7Fueb/rcvNYT8juK9P6PH+HZ831uSWthxZpf8S0QGYgfX5VMWaZ5f3Ed0lsuaDQg6xzB8RyUEUXNgy8HdUetB8isFnh+9O0ckct1jxAgCoaT2Tr9t6G2aQcw6QD/TQH6gja0cTNlhhlpnLZ65rPGgyjH9XlMetiYoMBpEx69eSyXrY5Nxau7Rz71zH2aTF+6beLPHdAcZMcZwzqxCeHdOY3jam6zvXnl6tD3uE5FoAnqkAc/WWtFui1+udKHF+IUDtDxo7UWSG7QzFk1xY7xBMb0Fj2V7SfZupqPgjtmcCFa6G2SGKfoojNxFOJCjGnVG1abFYsO0nMlHXQ26lS4AVR79nJ5XJUB70fKQXmnSi3G1RxAZWGwydLJztPYMt5KZumd7yJhscQ4iUxm0aSNqA3XDhwIeMNkNGKpe7wA0rl0TsI3TZffYW5NkCf5QSeZCaLDCm47Q4cvsgPRFk2OiGpdp2k1TNY6GY0GfATRpaFSeyTIeFgGzxK5EdOE7YHefgt1shSro/wAoZAfo14u9J6Yfow3Q2Tydje77rXfTJwp7T3nyXbDCk52wgLVboU4O6fMn/wBk2HaEz6EMuS/00h4oTCNDvAhGojs96EdJ24rM7YQeavl0SQ1IAQHTaNwXqPRd07LDOx31OXlNkiTaF6f0PfOyQvn5RHBKYS7G6DEHV2uHrmOK0YgxxGjEeRI8Uv2e2+8BOQr69albEtJcwv1TJ2T63rcob0W1sN2O0AvcdTJ80ADh7YtGQxU2OlTd1VCy20tY92k0/pHnJV3dEnGr+IHkQCib1oFLY0XaTJp0Ekb/AFIq23xB7GIJ1DfE14hdgM93Cloe7mH/AGWG/HYYbzol5u8QtBUZuxFvF8mRHnPIHXXzkO1Y7nbMCc581y9Ys2ubPI1mKUkZHZn/AFFWXM8J6VoG6Hi6rzIaA81GnXvRdluB0pZsa24Ap5JxZXDJaDv760DMIRel7Uk2pVLwJKp9nGZQPIwqFG12d5cXTmTM1rXTms0WyOMi4k79WzYmK8wMNKEiQ8+M19abPNtMpcNC0WLmXdG2ygN2k95KO2FlZbfLzQno+33MtRPOaN3dU7COcpp/oQ+wjHE4cjnQ8EvwhQHafFMNqNN8+YQr2UobO1JYaPrJDzOs+a2RGTgv2E+BVVmEmdvgtsJgLXt1ifh4JkPQuZ5NbCGucJ5FC7xeHwnsBqRRGukV3ubFccJwnSBMTyM9WR4oB+7unKStcnROoK7A9lu1zRIkZ6Jlej9FIUrLDE/z/wDI5JpgnUU79GWfw0Oh/H9bkITj7KosxPaa9pkO9GujcHGC06RhO8fCeEwtMW5y5jgBUtmN+hfdHW4Yh1HCR2+RBUKRS5Au12ZzHYJVBJ5z8lGwEMeGnIklp1Ezom+97vDzjGY9V4ckuRoAEQCWTwefl3HWiS0c9jJBa/AGioBB3LD0oijA2HpdIHcKu/6hEbA8tilmoB3ZkexCb/gzinYBLvl2z5LQfo5JbEq32KT5GgOmVJnI8jyWaxWGIwigIpUHVTTuTE4Ne1zdIkRu9T4rNBkMyrcEYzVE+WTizRYoxArRb22lY4LichTWfDWVOHDBcBMyJlqrokmZfHT6Bx52uzbCjtJWq8HBsJx2IYyHJ8tq1X2eoG681BLD8qLVm+PIXYk3gS0tEt9fNF3wzhlmPJYrNDLXhpM6DsOR70egQ6etgnsQTjwdHYy5bKejsKWNmufOvhzROxCUt/LJQsMDC/gPBXWVtZaqIk9APs1W74Z7uYWSEycJo2mW4/5V18E+ydLMylvnIK67oUm10Hnn4IWjiZXBYA3CfzHu+xV1mOWzqntp5rmGh3z7p+Ki0ie/vXU6NLYv33Z5PI1lLVuiuERrW6TlsT1fcDE3EM/ETSZd9n9pGMTQKDszPGnYvTwvlEgyLizdHsTZAFok7NFrpjNZCawNEhPR+orlps4c2RpLI6lCwWGJgFJ1dWf6jrR5cbXR3FlTVN7G2ywhgbrFOzQgEKEBHpt4YgQj7HdUnYD3+SXva+8cfVF46kX8QyyP71rTk5j/AAI9bUp2kTtIbtHEGvii93RTFtGIfCwS3n0FhsMLHaXvzwzHas2dihhMPrB4zcwN5k+KDXnGDojgDQCXboPdxWy97xbBZOfWlIbzpS7dxLqnMkmfOaFvVnYq3QLtjiH4xQmXMAnnNQgvE5ymfWlar5hSLRsl2gCffyWWAZZK7xv0lzm8MJ+IyGrTxWmycsbZf2rFPWrP3kNbP9U+H+FdZKWsi++Oqa22t+KK0aBU9/khMOcp4TPM0110LXZolHPOZoK9vrcpIfKbkVTfGCiRgw+sXa58TMDkjliFG7K+uSBwYnWA0Cg3oz7eQdI1+Eb8u9IzrlIZidI2WQadvcuQBJ53rXYoMmjYJ8clla0zJ2mXgleg/ZtvFvuwdR7q+CpuUkwyDnMn1xVt5n3Ltgnw+yx3BEoR69ZIr0CbWZdp81niZE/lcOBl5rQzSP1O8SqbTk7bhHOSCtnW9EY7MTS01n/j1vS/DghhITG2on+kHl9kGt8g8nd65K3w38qJPIWiqJEJRS7j7tvb3lAolraEWuu0zhNMtf1FelPojh2HbZFww95puA+/elK2OLJDSakeCZLT13S/CO7MpetIxxnahLsHqfYvnlHZ7Fm2zRRAgOdpyb+px+/gqbC72UMfmOesuKxWmKYj2S/02zw7Tli359irt9sDHNBzJHZMgeI4hde3o10tmS+45e8NP22+SJXJCwwsR9A5/wBqC2Z3tGCfxA8iZHso7kj9pdhhsYMz3lC4+goyBttZia6eYr2nPjNYrOwAIxHZJwOhwkeGaEtMqL0PEr2SZzlpdSmlVBmJ0NuvET2SX0R03AKwUex2ouHGo7lTk+rEw+yCEajeXFVu+ED1U/dfWmKOrv1nwqpRZSG4eCRhWmOzPaBj7QQ6Y0ZevWSJ3bGmWz19yHRoM3bJrW+zubheJynyKlydjodDlCtPU3+guhmjZPxQyHMlg7eyg8UUhmbh2/buSExlaLbT8OwiXJCLkMohbt8/IItHbOGdgn64IRYzKMDrz26fBGtMFbQTiOkCdbh4g8lRaH9UnazxKjboki0bSeAA7yqoj+oBrd3S8ysnszWjZBdID+Xwolq+nPc/CzXXYj0eLhDjuHCSW3WglxOszVnjfa0S5uiUCwtFTUpiu0D2be3vKVn3g1uVSjF1WxxhNP8AN9RV0mqJ4rYVt0STS0ZnP+XSl29ImFuEZu+LbrTDEh4RN2ZruGtL0VmJ4lWZAA7vW1eEz1IhtliDG49AaAN6QOk1qc1xMpmpG8d2XcvSYzhJkKcwAAd4HrikvptdDpT1GdNLZEGW0TnxXccldHJJ9lFy1c5wM2uIc3ZMTI5gfKERtNpxWhjdHlIeJWS6bPga0SlIc1Vdz8UYO2P7CD/jij7YPSDlodRm4d+HyQF7usTvRm1u/tbLtM/FLsOJOZ1kniclT4+mxGYnBq5bIsGYLdenU4VB9alnsQ0om2HMcwrV0TvsDRLbUNPxAgEV26qrfZ7ROhGXd6CsdCaIgihoJIkJ6Hmg3TynuXIretDiSAERvWkZycPCcx2LKCS0dc23ssisqCMj6CKWO0NkWOkWuy/SfJYZdUcO3JVQ3zdIbTuHqfFQ+RHdlOGWqGmHZ6tloV7B1wq4UUANCkyKKn8vhXuURRZsIoQg1mhyAd+UyPZRGIzpT3Ie5oDIo1uDh25pjVoCLozWjrOG48TM+SrbPG0aBM8SvobpuA3+uaugAGJLf5DvQJBtmS93mW4fdKFttZnhB3px6SODYbiPVQPBefRXjGTt4q/xfqSZvsboImm+54XuW9v1FKVgDiMk5XTB902uv6iqX0JRuvZ+Y0mnbq3eRQ6xANeXnJgJ+Y6e/ktVoMy46qcaFCnRT7N5/UeQp3rx2egi25Y5eXgmpcTPUfX0osSIrCx46zaV1jJyW7pdgeyXqZHmmG3OwuY8ZuJaexpPhLgltbDTsB2qDhB0Sn2AIZ0ehzJOifKX+EV6RulCeR+U+SyXMzCwy0S5dZNg9ASR22RCMc/QFPA8kDgiQKKXg6WPYJcKet6G2YUaNgVmEmyhCyQ5BEYCxwxRa7OclZEnZKPCxNc3hsn91TDYIjMQaA54mZAfEM57iJrewV7Cstlp7QDQ/vz9bEaONGSzRSSWkZctaIQoIb1s9A3+u4rLgHtZ6wSRul5ohLrNbs71B5L3RVgWrNdmmQZ5tz3a+K0BhAiT09xmFjEUslEBrpGgjKR4o28B8MOlKYBlnJRspPopmx2vD4LE99JnIjyW4/Cd3cEFtUTqkbCOE/NEugGU4XMJOoGXgrbnf7x09dORPeuWa1lrWgjFPjq7UVFia0hwEsQGQloWT/TNADpS4uhvGjD4HzSPddnLyCcvvXx4p56QNwseM+qTy+yVbroKeir/ABlZJmdBqywmgBMt2u923t7ykqJb3NyCYLojOMJp3/UVVONITF2z/9k="
where user_id= 86;

update user_profiles
set first_name="Christian", last_name="Blazick", profile_picture_url="https://encrypted-tbn0.gstatic.com/images?q=tbn:ANd9GcTNwepsC2392NfI8TNd_7DtPeltSpt4sb97nw&s"
where user_id= 91;

update user_profiles
set first_name="Tyler", last_name="Steinkamp", profile_picture_url="data:image/jpeg;base64,/9j/4AAQSkZJRgABAQAAAQABAAD/2wCEAAkGBxMTEhUSEhMTFRUWFxcXGRgWGBcVFRoWGhcXFhoVFRgYHyggGxolGxcXIjEiJSkrLi8uGB8zODMsNygtLisBCgoKDg0OGhAQGyslHSArLS4vLS8tLS0tLS0tLS0tLS0tLS0tLS0tLSs1LS0tLy0rLS0tLS0rLS0tLSstLS0tLf/AABEIAMgA/AMBIgACEQEDEQH/xAAcAAEAAgMBAQEAAAAAAAAAAAAABAUDBgcCAQj/xAA8EAABAgQDBAgEBQMEAwAAAAABAAIDBBEhBRIxQVFhcQYHEyKBkaGxMkJS8BRiwdHhI3KCQ6LC8TNTkv/EABoBAQADAQEBAAAAAAAAAAAAAAACAwQBBQb/xAAtEQACAgEEAQEHAwUAAAAAAAAAAQIDEQQSITFBUQUTMmFxgZGhsdEiIzPw8f/aAAwDAQACEQMRAD8A7iiIgCIiAIiIAiIgCIiAIiIAiIgCIiAIiIAiIgCIiAIiIAiIgCIiAIiIAiIgCIiAIiIAiIgCIiAIiIAiIgCL45wAJJoBck6U3lc16V9cMrAJhyjfxUQWzA5YAP8Afcv/AMQRxQHS0X5wnutDFox7saHBH0wobNOcQOPqoLunuMNuJ6IebIRHkWUXMoltZ+nUX5/wXrrnYRAm4UKYZtc3+lE52q08qDmuw9EumEpiMPPLRKuFM8N3disr9Td3EVHFdI4L9ERAEREAREQBERAEREAREQBERAEREAREQBERAEREAREQBQcbxiDKQXR5h4hw26k6k7GtAu5x2AXXnHsZhSkB8xHdlYwcySbBrRtcTYBfn/H8bj4rMCJG7kJleyhAnKwbz9TztPhYLjeCUYuTM/TXp3M4mTDhh0CU07OvficYxGo/KLb67KGWwI60JqtlkcPaKd0K+lZfcAss7zdDTccmlNwk6ZbrFGwy+hts/ZdLhSo3BeI0i3Wg8lFXE/cHJZ7CyKinioEi6YlorY0B7oUVvwub7HYQdoNiurzMgw6tVFiOEMpYUU43FUtMdJ6t+sSHiDRBjZYU20XZ8sQDWJCr6t1HEXW+L8r4hh7m5YkIuZEYQ5rmmjg4XBB2Fdl6rusVs+0S8xRk2xtxo2K0avZ+be3xFtNEZZMk4OLOhoiKRAIiIAiIgCIiAIiIAiIgCIiAIiIAiIgCIiAIiFAcP63cXdMzn4Zp/oywFdxjOFST/a0ho3EvVHhcGgWSOwvL416xYkSIeJc5zr+aky8OgCz2s3URRNlm3WwycKyo5Ft1sEksb7N3SJLGrxFas9F5epYK8lbGhqpxGHZXkYqnxB4ouLsn4NYmG2IWsxw+DGbGhOLIkNwe1w1DhcHjy21W1Rhcqpn5ep0WqtmK2J+huiGOtnZSFMgBpe3vt1yxGnK9vg4GnCiuVyfqKnSPxUqa0BZGaD+YFj6cO4zzK6wtJiawwiIhwIiIAiIgCIiAIiIAiIgCIiAIiIAiIgCxxz3Xcj7LIiA4TDgh0GHlF6bOGxfHgNF93gpUtRsWLCGjHxGjk12UU8ioc88VAPis9vZvqfBklMTYNQab/wCNVcyuOS9cue+5a8/FoDRQtDtmgPhfXwVdFnpd5rDgi3eJAdp9V2inmFSor0LnJryjpMCaY8Vaar2+i1DCJw7DZXOLzBbCLhsFeKi2skkmZJ+bhtsXAKjnZqGQe+PC61+fiduauJpw3bSSbAc19lGSbKd4Pdu7UOIPKtKqW2JHdI9mYY53dP8APJHy9aOXibiQXVyWpsOtVaYfduuw+yurS8FNmfJZ9Vz8mJ0/9kCI3xDmv9mnzXaFyTqqlc87EikWhwzf8zi0D0Dl1taDFLsIiIRCIiAIiIAiIgCIiAIiIAiIgCIiAIiIAtP6yJiIILIUKlXuJcCSKsaKkVHEjeLaLcFo3T6ro8KGDTMw33Ak1PkFXa8RZo0sVK1ZNIw+SDHFw0LQBvvU0I5ELHHk+0J3nmrF8AsJFdaZeWi+y0OpWWbbSN0UlJoo5XAMjnPpUkFtbkAHUNB0UrC8B7J5fCzZi0t75zDKa2AIoB3nW4lbjAgWXyO0NFSQPdR3SSJe7g30a7CkAwhuxvly81LxZ1YXgvUetPhpU2XnF4Z7OnBcSJs17A4LWXLQ4t0BFW8yBqdxNacFCiYHCa7NUvFKZXjugVcaAbquJ5lXOFDLkcbVtXZWuhWzNkwdQpb5Lor93GXLOZy+ARBpmyXpmF6bmnUjmrnBoFMzNhFdPCi2rEZK3BUcm2kTnZTrk3IrtilHgg9G+ksSQexwpljOAc3LVzw1xFN7QASa/mFdgXfV+e8IgF8V0Z7bMJYBuAJGYDwHou/ScTNDY76mtPmAVohLLaMt1ajGLMyIisMwREQBERAEREAREQBERAEREAREQBERAFovWJCcIkGINoczx1/5HyK3pV+OYYJiEYZOU1Ba6laOGhp5jxULI7o4LabNk1I5VMx3FwDqd0C42ituXJZpR9B6+BUzHMBiQCwxDDObMO4XEmmU1NQKbBTioUw0hrSB8p9L/usc8pJM9GLUm2uizdPhjak2CiRprOw11cNd25VU6wkhzvga1rgCaCprc8qKDExuDp2rTfYaqKWS1YRmjTM6Lh0B7Ro2jmk/5bD4FV2L43NO7rZZ9Ra5GXnm2qzk55pplhvfuIaXWrallJnI7xYMjaXBhut6KxfQOPzNaE1OPhhjmQmg0uHXArrxK3yQxRtACeC0abnmAkvBad5BHoVmw+fY80zNdtpX2XJLJFccM2/Fp6jVQQJmpB2gkFfZl7uxJdXuupfWhuKr5DlqQYLtC5oceZ71fVK3hkLVlHnDMROR/d7rnvaPzUcWj0FV2vBYZbLwWu1ENgPPKLLlXQfo/HiODIkF7WNiZnOiMcwUDsxDcwGaulqi67EtNaeW2Y9RNNKKCIitMoREQBERAEREAREQBERAEREAREQBERAEREBqXWOKQIbt0Snm1x/4rShM1Y12xpHkag+66D0+hZpKKdrcrhzzAexK5FJzmrTyIWXUR8m/SPjBsjYLIkMNcAaVaeWxa9NQfw8WrWQnVy3e2poK2BGh43VnIx8hodCpE9DbEFCs8JbWbWk+zPg2OEgNIgNsAK5xtJppQAc1eR8ROUuzS9wB8RG07VpcHDntNYbhycA4eq8xpaNU1yVO4D0oLK7KIypr9WecdxdziWvgwHtqCSHupQNIpQs2E11IVd0cw6DnMXs2gDSl77KVWSPIE/ESfZS5Jwh66NueJ3LkpccBxinwS+kDaiFLN+OI+p4D+B7FSccIBhw2C4ytAGu4AKnlZqj3zMT4jUMG4ff6qR0NifiMRhGJ8LXg+IBLf9wCjXHLwV2ywmzt8uzKxrTsaB5CiyIi3nkhERAEREAREQBERAEREAREQBERAEREAREQBERAUHTd9JRw3uYP9wd+i5BMQgH1G263vpZ0pgx3GVgnP2ZzuiA92oq3K36tTfS23ZpsZhrbQrLdJZPSoqlBYksM9QIllJl5kHbTfVUsdxbooDpouuHd61ANCqMJl7eDe4AbtspFGGxAWisn4p+Wh31rtropbMTiC55ey6sI7lsuJ9gF2qlmJofDtJ+6qunMaiGooduvuq12IX3uKlGKISeSwxCMSQByV50HPZzEM1/1WEn/ACAotcl6m+1X2FOyuB3UPirIySKprcjvqLX+iHShk6wgjJHh07SHWtK6OadrDsK2BaU01lHnzg4PbLsIiLpEIiIAiIgCIiAIiIAiIgCIiAIiIAiq8b6Qy0o3NMRWstWmriODRdczxjrCmpkkSw/Dwfqd/wCUjfb4fAghQnZGPZqo0dt3wrj1OoYtjMCWbmjRA3cNXHk0XK5h0z6ye3hOgSrXw2us6I4tzFh2MDSaA766VWkxnviPdmcX7y7a7jWuY86qNOy5AzDl9+BCod2eD3dD7LrjNSny1+/0LTA30Zmb8QcWu4tcAW+RY7/6WwwYdRdaf0bxFsOMBE/8b+67gCbOHEGh9Nq35srl4gioIuCN4O5ZJSxLa/sS1tThbu8MhTGGgioWn4phTw6rDQ7Kc10SGo01LA6hSTwYZRyc4hzEZli0mtxY10rovZn4rq9x1uGi3dsm3cvcWXbSgClu+RHY/U5tM9s/5XD7+/VSsLwdxIJ137AtvjyQrwUmSlALgKW7gjs5K5mH5BQbvVfIMq57hDYaF1q7htd4CpVvFgFxytFSToFB6RzrZSC5jSDFeKOI2D6W/qVRZa44jH4n1/JbXVvltRrmI4y9k7EjS0R0MiwLCWnK0gBppqCG6LbcG62JuEOzjwmRw0luevZvNDShoCK+C5xhsMuea7dfc+inwmd64sT7mpqtVb2RSXg9aekqtit6O24L1oyUY5ImeXdp/UALK8XtqG/5ZVusKI1wDmkOabggggjeCF+XXSebS/A6jkVNwjGJqVcfw0y+EK/Ce9DP+JqK81crfU8u/wBj4/xvH1/3+T9MIuPYJ1txYfdnoIcNj4dGu8icpPi3kt9wLpzIzRDYcdrYh/04v9OJXcA74v8AElWKSZ5Nultqf9SNkREUjOEREAREQBERAEWGbm4cJpfEe1jRqXENHmVonSLrNhsBZJMMd5sHkFsEcQT8Xgoymo9ltVE7XiKN3xHEYUBhiRojYbBtcaX3DaTwF1z/ABjrUYMwloZyi3axLCuwMYLuPA0PBc6xmfjx3GJMPD3mwzF7qV+VgaWgDgAFHhyZq3Nd7rCwDWN1OUCw4nU71mle30evR7NjHmfL/QkO7SaiGNGJNTUAmt/qdx9ALBSpx+VthU6AbzsClMYGgAWoo4h5n5jo3T+4/sPdZXLLPZgtq4MDYOVtPEne43JTJUUOhH/RUmIw5VhLbAomWZ2tYKPEJMtOi2Lon0oMKkGN3oZO3ZxH3/OB7QRQ3Hty3jh9mFMYfW4812cY2R2yNL93fHbI6n+Ca8ZobgQbgHdwKhTEBzbEEc/3Ws9EsfLD2MWoHHZ+YcN/mugszUobg77gry5326aW2fK8M8HU6eVEsPrwau9iCGtgj4W13wjKd2rf4VVGk3tOXKSdlLrZTq67POPqZ8la6EpsrIucK/C36jp4byrSWwxrBmi3P07PHevUUOiHS24aLNqNelxX+TiKqemmQIbi2wpdx+I8OA4BcmxScdGiFx0rZbZ04ni6J+GhVOX4qb9v7LXpeWDBUXfvpVreX1O9Fq0dTjH3k/il+x7OnpUIZfbPEGD2bT9Thfg028zXyXtu/cP4R0Pnc1JOvMrI4d372fYW3Jc5ZPchE7wrz8rqS2WDyPVQGixPh9+AUyQmqE12A/t7lcfqiyLTWGRy0gmjQ4H5Tpfd+2ijOkGuJa0b+6L+LRpTl5hXzGtdfb+tLKviSRa4GmZo+IbaC5I40C6pFdlS+xL6P9M56S7rIpiMFuyikvYBubm7zeQcBzXVOhXWVAnXiBEaYEc6NcasfwY63e/Kb81x6LBD21Z3murYfGPy8ablRzEZ4eGsBL2iuYWIvRp5ih8abldCbPI12jpjHLWGfrdFpXV30yE2xsGLXt2srU/OBQEn82ld+q3VXp5Pn5wcHhhERdIBaz046QulYbWQiO2inK0m4aNS8jbwG9X89MiFDfFd8LGOeeTQSfZfnnG8Zmp6I2M+rG6tqe9QmoytpQCw+yq7ZYXBq0talLMul+pY4pDzO7SO98Z1TeI4u8gbN5ABQ5p51INaaDYNg/dSpBz4uVsXLma6tR8zePH+FOMt3nV1/lec3zyfSVuLjmJRQJcg533OwbAOHFSMPYTWKdpyt5DU+fsFnm5Ynujb7HaprIFO6NGAAffkjZNdkQsJKzOg0oPPmpcODeu73WN7aKLZYn5IsVqwuh2Up4RjEOvkhZOC9MZ4fe1SzDX0MPFdyRzggxZLNcC+wjUef3wW49EsWdl7GKbt+EnaPpve3tyVA1h4r0ACL+B3Ku+pWw2kbn72GyX/AA6K12b5qcl9LW1FKfYK0aWxOJDsTnG4m/gVcQOkECmZ2dp3EV8Ad68qektg+s/NHmT0049F72QOpqVVYvjsOCC1pq+lg29DvcdioMU6TvfVsEdmzafnP7KiHr78Voo0Xmz8F9Wkb5n+CNEhAVJ2mp21O9x+Y/YAUWMxTXrE4L1UejkrosJfMlvvmpcRtV8yKWTiIcMWp4/p+ixRoZa2o2n0H/YUul/Be48OoA4fymSZDlJg0I2hTpafcA6oranibU8q+Sp2dx4B+YH9h7FWhh91vEk/oP1XXgtjLKPvZ5axoWlHFw3GhAcNxqVAl4DSTk0oDSlKG9f0U6Tj9k1wcKte7LyAufCpb5JJyhZGc35S2reVdPCq6n2ZNbFSpf2PEjNxYDxEhPdDeNHNNDyO8cDZdY6FdYbY5bAmsrIps14sx53H6Xeh4aLmkaWrdRxBVsJnzltSZ+k0Wh9XfSkxAJWO6rwP6bzq4D5XH6gNu0cRffFoTyYJJp4NW6eYsGQTAbQvitIdW4EM2JPE3A8Vy/8AD7V8RZrnyehpopRPcGDRwduKtoYqSd6Iskj1tO+GejLjXcsMNt3cyiKtvDNSMjm0aON1Ee2/giJ5JLo8EL0wfYREZI9OhnisWVEUa55INn3LtXwivP3/AJX1FaRMVd68GxRF0kYy1fC3cviISyeXhYiF8RSB4DL1XksRFzJYlgxOh3CykVKIunUV2NyVe83Vv6LNh8cPpvAAIO/U+pKIpLo5HiQxmTew90VblFRxPeqPP0XuQm8xgwwamjnOrqLFoafKviiLseUirUP+216luYahzDKFERPk8SSMstGLS1zSQWkEEbCNCF23o9i7ZiA2ISA7Rw07w1pwNj4oi2VmC5H/2Q=="
where user_id= 95;

update user_profiles
set first_name="Sam", last_name="Stulic", profile_picture_url="https://pbs.twimg.com/media/GG0ojfUXkAAEefR.jpg"
where user_id= 114;

update user_profiles
set first_name="Braden", last_name="Peters", profile_picture_url="data:image/jpeg;base64,/9j/4AAQSkZJRgABAQAAAQABAAD/2wCEAAkGBxISEhUTEhIVFhUVFxUVGBUXFRUXFRYVFRUWFhUXFRUYHSggGBolHRUVITEhJSkrLi4uFx8zODMtNygtLisBCgoKDg0OGhAQFy0dIB0tLS0rLSstLS0tLS0tLS0tLS0tLS0tLS0tLS0tLS0tLS0tLS0tLS0tLS0tLS0tLTctLf/AABEIAPAA0gMBIgACEQEDEQH/xAAcAAACAwEBAQEAAAAAAAAAAAADBAIFBgEABwj/xAA+EAABAwMCAwUFBgQFBQEAAAABAAIRAwQhEjEFQVEGImFxkRMygaGxBxRCUmLRc7LB4SMkcoLwU5KiwvEz/8QAGQEAAwEBAQAAAAAAAAAAAAAAAgMEAQAF/8QAJhEAAgICAgIDAAIDAQAAAAAAAAECEQMhEjEEIhMyQVFhIzNCFP/aAAwDAQACEQMRAD8Ax7nYXBTXPZhRaSPJeWemLVZBK4xwnIRaw2O8oO2/qgNG6eoiR3hzzkeYXhVAMIDGTBHqFMk/T4+aw0KXKBxlRcIJIOOnRSaOqxnF52St3VapYx2klpJd4A5gdVf/AGmNbTp0KIA0hpqH8z3DAk891nuzfFBbv1FuoDvCMOmIyfy+Cj2s48b14cBpaBEnl5JcYtzMbKAXBZlxzEbTAOcdCg0b/U73XZ/EM/IbKFVgGNbT5rmkzG85w5WLHGhTmyxrB0SGv+AVHRvKoqZBJmACd/AhW5tA5mum8tcN2n+iq6L2uqgvADmHMYkdYRY4JJgzk2y7dXMElsRBcN4np1CYpO1DBlLUGau+Mx4ol7buAkMcST+EmPikyxJ9DFNoO6pHMeq9TeQQRGM7qqLXM7z2b8jk+qYpua8dyWuHI5QPBQSyWPsJOSd+qk1ud0NowNU7IrA3qcqeSGom2IxsDk7ei7qHw+ah7OZEQBsCfmiinyQs0E4qMIzmKBAWGkA1dIUg30UvZyuOAwvIns15bZhXsyuPMDqvEgZ2CFrEAbSrWxJGrUPT03QtEpwAR18EGs2N/QILNO0RAJ5KLnk55KDJfvsNgjlwAyuOIN2XHXDRIkeSTvbie6zHKVXV3aO7Mk7lOhivsXLJRam/gGNil69z7NoOmZkychVNW4yByCt7GtNEahqbqIz0TvjUVYrny0DtavtMuDY6RDp8PBKC478REThAr3ZB7mAE1/8Ao0PMamwHHqDsSmcaBsfs6/cdGNMFJVG66kgZ5/uoseWtdCO3usBG7j8uaCqNexz7wKYaANTjnwCKeMvHvPJ/Q3AHmVUVSS7JA5EkoNTAkOxtIlaoIzky7p8fbPepjpIyfinK100kOazPnErKU8nfbKv6UVKTZ5d39lkopGxdllSvQ7ukGRyJg/3COCSO6PPqqKk0nuu3Huv6eBVvaPPPB/5lS5cP7EfDJ+MZpUzOTnxU21JkTkFQ9riQM7FewTq2wBEDEKRr+R9h46oLoiUYtkrj3fGOSGjQdE48VA97qCF0O8FJrOhx81xx3WV5d9kV5YcUpcOkwutbzMeSIASNoHzXWtg7KxsUQNTkBuo1KYGyMBnHLn5oFYweqE0gwQuXWBjfZFZAOfRKX9SBLsI8auQM3SE3nTMbnmk6gc47fuuvqk5KF7cgq6KJGwZtHk7euPqnqd0GtZT5AyT4lI16riYkpgMaWDG3qil1syP9Aa1uQ44MHIKbsTDajTzZjzBBVpYWb9AcwtqM/KdwU3wyzpPqFpBa/wDKf6dUqWWhixlBbNdkEbhXFGxLgIGzZ9JK1Fr2dbOVeWfBGs5clPLyE+hyw0fJPu5dM9CUy3h8sd+kA/GVsuNcJZbtLyJcSGtb+ZxOAqajwx+QTJBggbav7J6nasU4UzPssyHCMwJMbAeJReGVTLmg+I8YVzf8PuQ3SPdO8QMdFn3W7mPwYIO85RXYFUXAe3VOcxIx9E6KQeRpdBHM9AlrN7HjTV0k8nNPePmAocTYG91rSAROqV3E6xynXcypkYdgnlPIp/ngx9FQcPFQGHg6DkE/DmrmlJc8EyN2nwKk8jF/0ijFP8DyRHIjnyPgpPeRmN/kUL2LhkSVJjauMah81JQ8jBkncHGOSYsbGq+fZ03vAyYaTjxhXdh2Zqsa2vVZ/hkguZMP09fALf2XELSjR/wtLWDO+Z8TzKBsGUq6PntPgtAgF1YgkAkRseYiV5aWp2qtSSfZgyTmAvLDrZ8vaNlCuFIA7kYUfaaiMKmzCBnM8/6IdanjGXfRNPZISziG4aCTznZamcQpsDdzlU3Eq+txA5Y+Ct30SQRsSFTUqUEAqrAl2Jyt9C11UDYDeiUpiSi3O5UGUydgrFpEr7D2lPW+FbuoDW1g6ZXuzvC3klxEdCmX6qZJ9lJ/MHCD67JM3b0NgqWzllU9jUcwHD2yB+oK2vKoaGvcO82MjdUtjU75qPiYholTruqV6gpt3cQMGYHiUqUbY6LSR9NsKmprXdQD8lds2VRw+jpa1vQAeghWi899lBk+1ubm2aORc7wLgMfVU9pceyqzVBDdTgTyDuRPhlX3bG0e4U6tNup1N06eZBEEKiubxlTOsUycOZUBEx1kKuG4oS9MveKcStxQcWva50YaCCSeWFjb3hpdDnN0lwBI6Kxt7ZutvsyKrpBIp4aPMwn+0rdDQTgnOdyjUqpAuNmQtrU5gwBMnnhEruc6mBOQCQ7n3eXorXhtJjg4vIAxJ5DzQLyi2nkOBjMAkz8lQnYhheGUXupgucTPI8giWZ0gg7j6FV1vxLS2egwJVvwSKtWlqMNcWz4gEY+MIciuDNg/ZF7wLs/VuTLcM5uP9AtC7hAsP8UaXgbh2fiOhS3GOLMs3abV8h27BkNPgVmOJcZq1x33GJ25LyKZZtmsv+3LXUyKbYc4RJ2Hw5rFuuXOyeckgbT5JcNypgIlGjUkujurwXlyF5bRwnWGI5eH9VxrPEAIdWpyHNQDDjxRmB/aDYKbKIUadKMlTFUQcLDiFQSs3f8AdeY2mVoaxIEnZZnirgXmNiqvGWxOboBVpB4lqZ4U2HRCRpuLT4KzsqbgQRJn6KyXRPFbNfw9mICafYMeZc0E+SjYw1veMJ+ldMOzgpmypULGwBEaRHSAnOE8LZSktaATuQEWnUB5pmlUCVNsOKRaWLU44KroXEJk3SnoMLUpyhixa8d5jT5gIlOqCnKJCfjAkU9xYezzTAHkIWX7S0TUdrd+FoAHLxX0KpTlJ1+CsqAg7lURjbFSlo+T8DkvdSkd7adkvcU3NfpMeW/otPedk6lN8g6S0910SCJnKpePkDkPaEe90HMDxT0qJ2yr+7hznBmTyxjxKsrVjhoDhEEjpjSdlS8IuXNcBMZwTyK0N/emq46mBr2QDGQcbghDl+jNh9kNUjE5OdkuHGYQbSuXAr1WoQQRtzXlV+F41OY2PRFDknLXwWyHeOxUaLyDDsea2jBzWvKBcfBeWHFfTjrnpzXqtYt90eqiIAHMqAo5kkpmgSTHk7ymaDRPXzQmYXWslZZxHijgBkgnoOizN0FoalHcCMquvOGj88HePoq8EkJyplHWdlbLglOKLXxkDCx1WmQYK+gcNoRbsH6QqMnSE41tlVX9q87wl6tKuNiEzxKqW7Y8VV3BqBntBOmYyTPolx2MeiYvLlp/EtDwjjVTZ/zWTs3VKjoB5E+isrC5dMO5LpxOhI3VO9lMC8gZVZwq0LwCFsLPgAfTl24U8YcnSKHKlbMbe9p30zDW7Lll27ePeYudob2jScW+zkhZp/FQ2CaAA3+CfGEVqieUn3Zv7btcX+63KtLHjz57zd1kuz3EW1ILWNGYE92T0BiJW14bc0aoLCyHDBacEFPjFC3Jjt09tWnqb/8APNfJe1Rb7Ut5h2Oh8F9ZpWukOA2OQvkHaG3JdJ97W4emyNgMQo0i1rqlMgFuS1wn0VtaXftWh7gJMTiPokaLy4aHPEDvCRPmEfhdtAcTIj3RyykeQv8AGw8P3CmmNUhSdvC5VzhRY4/ELzC8PUbz+nUIbxq8+c814XEHOx36qbxhcYxcjxd815MCoeq6tsw9fcLqUT32ESAQeUFLNatCzir6tINe4GI7zs42gJXiHCXsYKst0kkQDkQJmOiFS/DaKgqLnFRdWCC+rqMZjomJGBKFTcNHxT1KwbVrP1DutaPDKTY6OR9CrUVNLNQEF2TyKZD7WbVooOI8F0kOExqAz5rZ0KEMA6ABVFjQfV1OeZaCIHiDKuqVYBOlK0JUaZX3PCw7kq2rw0wW/hPLktOKgKi9gQc6D4WZGjwvROnE7o1vw4TgLRm2XadIBdzZygWHAqekALbWM6CshwlneC2Fg/ELcH3ZmXo+bduOFF1TXkfDBWZurR1VoYRBGJ/dfaeJcPa8GQszV4M0HZOlcWAkpIquy3DiLY2+jVrMlx2b/pHVaDhnB3Ui3U7WW4D/AMUdD1UrKmGbK1pPlMWRMW8ddDVSnAXyDj9u6tcPpNwdZg8l9ffssjW4I11Vzy4MLnGHTB5JopoorbgVGgGG5kOqGGhu46u8shVl40te9h/CS3zjC1/aqw0m0AkySCSSZMt5lZDijwa9Uj87vqofKlqivFBJJirsx4r2lQe3aOSkySAfPCjGnC0EeSk2eW6gx0LjJ5LjBiAvIOp3guLjj67admbOmIbQb/ul38xVi2xpAQKbI6aRC6HKQcnJE1sgLGkNqTP+xv7KYtqf5G/9oUg5ec9FTMs4aLfyj0CwvbbhmqsIxraPKRhbc1FS9p6eqmHAToPxg7lGoM2E6kYKxlgNI7jIPIr1XdHfUyECtuiHPsJQJVhS2VdRKsKKVJDIsk5LggZJgJohZPj73klrXaehXRVnSdGu4dxRuoLb8LEs1dV8P4S6qyNbpzg/ut12i+/mhTdZVWhob32gDXPUE8vBPxQSk2KyStH0F9TB1KjuHZVf2RvLipQIuDqd16pl7srcrtGQVEgxWVjSStoySrigyAmYcf6BlnWgdyFi+3DHU61Mg4LZjxnK2b8uHmqi74Ibmq91aWhuGR0GxTMitUgcTSlbKi8uos6dd+9JztM83EQ355+C+fuqHJ3J+q+z21uxkUQ0ODQD3hOTKbbbN5U2eg/ZeZ5GRcq/gepnw0u2kHPNSa6MHH9V9z+7j8jfkvG1ad6bf/E/UJSaZ3yHwzulLBxB3wvuVfgds/36DD/sH9FWXfYWyqbMLCfyPI+TpCYomfIj5PDvBeX0M/ZfS5V6voxeW/GzfliaUORA5LNKO1NiiZsLqQqj1Ipeo5PjEW2eNRRL5UCuJ6iLbPmfbiaV3TDMMcWyOUzlHut0b7SM1aEiAO8XAdD/AGS9d0mUnIqZVik2jtA5T7XKspuTLHpEkUJjxqwqq7pB5yEO84m1hglK1eNs/D6rEqNux+lYgtd4BafslVmnB8lirfjBnMEFans9xFjcAY55TYPYMo6NjTjpCDWtg7IXqHEqLhGqD4qFnxBpfAIOU5xUhPJoZs6MJ6pU5Kbaa57NPjGlQmUrYFpAy4wFG/4oymIBBe73RPzPgqH7QXH7u1jXaTUqNaCN8Zgeiq+B8BuKFVrriIeCWjUXPAkYdOyDI3FWcnZqLQOGXGXHdOMqlLkqTSvHyr2sdFjrHogelKZR2lZFGjDHKaExEaqIoBndIXlJcTKBKGmmGoFFMALYoxnHpZ5TL0s4KiCFyIFcJXShlOQsqe03DBXouES4A6eswsPbVSabZw4DS4HcFuCvphKx/aq2DX6h+MavjsUvLHVj8Mt0U7XImvCSFRFpVMqVlSYWpYMcJcAUkLGm38A+KuKWVCvZEoVKhi0L29rbndgWj4Hw+3/6fzWeZw58iFf8FpPYcjCZHsyUtaNM3glB4zTAHgk6PBWUas0xpaTsrW2eYTTKcqlJMmbodp7KBcozCDWrhoJccBOEC99YU69SmX5NE62jlqOASFPtI6K9Efod9QucBoP79Wrh1V2oN/IwYY3zjJ8Shdp3f5ml/DP8yVn+jBi7kRc5TYUFymwrysvZVEbplGaUtSTLAhgjWHYitQmIjVVFC2ElcXl5GDZRUE20JG1cnmlbBHSI1EAolRyGVTFCpMG9CciOKA4o0CcWY7Ybs/0n6qv7a9uRbONCgA6qPecfdZPKOblQcC4lVuKbn1nl7tREnkOgHIIMz9RuFexGt3SiUqwKlcMVfUBBwpeyp6NHZXAG6sBXCyFK8I3T1K/wluAamaWnWytJwyq0hYK3vZV9w69gQCjxp2ZKSo2ttCcLgFRWd8AN0V10XbbK2KpEknsdrV8wN0xRoYl2Sl7OkBnmnjyRoCXQWkqPtQf8zS/hH+ZXtJZ/tSf8zS/hH+ZB5H+sDH9jjnIlIpZzkeiV5WUriOUkyxLU0yxDA1h2ojENqK1VRFskvLy8iBM1auT2vCqbZ6dNXCLEZIIXKLnIJqKh7T9rqFkAHy+ocim3eOrjyCpFF+8rN9re1DLJkAB1Z3uMOw/U7w+qwHEvtHvKxilpoj9I1Oj/AFO/ZZq6uXVHF73Fzju5xklEjhS8que9z3mXOJcT1JMlbLskyKHmSVjHtytn2Xf3I8UnO9D/AB17FlVYkrikrcslCq0JUtlbVlC+ilzSI2KvK1vCX9iisBxE7Rr5iVsOCWLzuVU8MoDUJGFv+GMaAMJ2PYqaYWy4YPFNNpwYCYDwAh0gSVQLodtm7Kp4j2hbS4hRs3bVqRcD+vUYHxAKvaDIXxb7SOIk8Zaabu9QbTAI5OEv/wDYLV2BPo+50wsz2qP+apfwj/OudiO2DLthZVLWVmbgkAPH5mz8wvdrhF1S/hH+ZZ5OsbF4vsAe5NW5SDnJ21K8ifRYiwpJmmlqSaYsgawzUUITEUKmItkl5eXkYJ8mrdvLKns9zz+lh+pgKrvPtQbEUrdx8XuA+QXz4sXCxo3ToRUegW7NRc/aHevw32dMfpbJ9XH+iy/FLx9V5fUeXPO7jvhd1QEi45TUAwtujFL0zhGY9aYcetF2fqx6rPvZzHorbhD0nMvUfhfsbakZCkWpWzqYTzWqItFzRlc+7Kyp2+FE0jK44jaWq1HDNsqmtyFb21YBUYmKmi1TdqwKrZcJwXrWNLnGAFRaFNMPxzirLWi6q87AwOphfnajdOr3NSu/Je5zvU4+S1n2l9o3VhoGAcNH6eZPislw6npZPVHglzdroTmXHQxWaDIKHwntRc272y8va3Aa8kjTOzSfdRGdVRVzmU3Mk9MTB0fa+B8cpXTdTDDh7zD7zf3HiFobUr4bwm4cyH03EEdDkf28F9G4L21pQG3PcdtrAlh842K8zP40o7StFUJpm9pFNUyquxvqVUA06jHj9LgVZMBUsEMYyxFagNRmqmItk15cXUYJ+UyShhvMrpdJgKFw6MKlIXYKs5BUnLrQjoElTbheIR6LcLz6S44CwqxsLoNOUloXDjdC1aoJOnZveHVGvaHNMq1p1BuTHiV8ut799Myxxb/zmEW64vWqiHvJHTYfGFK/Gd6eipeSq62fZLBs7pm4oBfPex/a8UiKVwe5gNqc2+Duo8V9Aua4IEGQRII5oZR4djYz59CswVJtZJ1HFDBSflobxLf78GjxVNxbiuoEk4HJCrvhY3tHxXVLGHzKGLnmfFdATcYKyuv7j21UuOwRmGfJJWdLmrCmF7WGHGNI8ucrdsnVdDSfBUb24Ks7t3JKNbnzwsyPZ0egnDK0Ju5fIhVNudLiE2+rHksctUals7TLmmWkg9QYPyVtZdq76j7lxUjoTqH/AJSqaFISp2k+xiZuLL7Vb1mHspVPEtLT6grS8L+1umSBXtnNB/ExwdH+0wV8hL0ezqZhcsabOcmfoJnbnhxAP3gCRMEGfivL4gI/KPReR/8An/sHmUVNsAuKXc0xqPPYJp+f9Ld/EpOo8vM8uQTKoEEASiQptaitooTSFvXAEFFNZvVeFBTFAdFpgu6oTsEB8qyDFA0wuOK6F0FPOpBAq0lxwutf2K7RFjhb1TLDhhP4T08isgQvbIJwU1TDhNwdo+z1VV8S4pSoCajs8mjLj8Fnqfat/sGgCakQXEYAGJHUrP3NXUSXulx3J3UcPFbft0WT8lJepY8V7Q1K0ho0N+Z8yqu2EmEH2rRtJXG3JnAVsIKCpIjnNydsLTutEtiQCrG3rtd7voqavTIM9V6iwzgwmqbQuixuN0JwQKlw8YKi25PRAacuhDp6o2qQhXDtQGIhctn8ljND0n8kWUpUEI9F8hA0ETIRuHN7/wAEB6c4SfeJ8EWNexkuizXkqbpeVPJC6Z//2Q=="
where user_id= 127;

update user_profiles
set first_name="Joey", last_name="Swoll", profile_picture_url="https://encrypted-tbn0.gstatic.com/images?q=tbn:ANd9GcSJEgBPc6YKTWz5w24nBBPl9Nl73O0bMgrOsw&s"
where user_id= 147;

update user_profiles
set first_name="Sommer", last_name="Ray", profile_picture_url="https://encrypted-tbn0.gstatic.com/images?q=tbn:ANd9GcQzh3as1ksxYmRstk0pUOCFCjSxom0Fg313bg&s"
where user_id= 167;

update user_profiles
set first_name="Anthony", last_name="Loupos", profile_picture_url="https://media.licdn.com/dms/image/v2/D5603AQFhO8Tv6XNwhQ/profile-displayphoto-shrink_200_200/B56ZOyM9kEGgAY-/0/1733861563422?e=2147483647&v=beta&t=ThC0G6lIjGW-RDGe0fs9UGaPQm6rNJ9wmnhWybqy2PA"
where user_id= 168;

update user_profiles
set first_name="AJ", last_name="Justice", profile_picture_url="https://www.the-sun.com/wp-content/uploads/sites/6/2024/10/Aj_and_Big_Justice_insta_1jpg-JS945130994.jpg?strip=all&w=488"
where user_id= 172;

update user_profiles
set first_name="Bradley", last_name="Martyn", profile_picture_url="data:image/jpeg;base64,/9j/4AAQSkZJRgABAQAAAQABAAD/2wCEAAkGBxMSEhUTEhIVFRUXFhUYGBcVFRcYFhcYFxUWFxcXFxcYHSggGBolHRUVITEhJSkrLi4uFx8zODMtNygtLisBCgoKDg0OGxAQGy0lICYtLS0tLS0tLS0tLS0tLS0tLS0tLS0tLS0tLS0tLS0tLS0tLS0tLS0tLS0tLS0tLS0tLf/AABEIAPsAyQMBIgACEQEDEQH/xAAbAAABBQEBAAAAAAAAAAAAAAAGAQIDBAUAB//EAEAQAAEDAgQCBwUGBAUFAQAAAAEAAhEDIQQFEjFBUQYTImFxgZEyQqGxwQcjUmLR8BRyguEzkqKywhUkNEPxY//EABkBAAIDAQAAAAAAAAAAAAAAAAACAQMEBf/EACcRAAICAgICAQQCAwAAAAAAAAABAhEDIRIxBCJBMlFhcTNCEyOR/9oADAMBAAIRAxEAPwAiqYEVqOk8ln4LozQHtQXX3WjhXl1IGeAQ3j8W5lTU07HbzQII7o0evLdmfuyJG5HSDNOkbKzTrgsD9rJuGzOnUJaDcKAKGXMZSBpsO0ygb7QsXqhvAFGePY2jreN3LzjpW+Q2eJUrsH0ZuLdZvgfkhs7ohxZ28CsJ9NMKiOV0riEiBjiZTU8BNIQAiWFwUuHoOe5rGCXOIa0cyTACAFwmFfUcGU2F7jsGiT/Yd6McP0DIYDXrim4+41muLTBdqEnwG8i638lydmHaKbI1GOsqe888R3MHAet7rPxebF9U2tw/q7X/ACVUcnJ6Fy3FEWG6EMdOnEOOkAu7DGwC4NHtVBMkgQFTzbo6aDdTXPPMPZpMfiaQ4teOcbesHv2c0W1cRUa9ocOpm/AioyCDwP6qXFVcRQNaWNqUGOAq03iWuGpzNTZJLbUyBEcLJ3KhcceSs8qplTsct7pjkrKL3VKVmda+mW/hcC6CO4hptwPihwFMQnZoUqqtU6yymVBzCssegk0RiVZoYlY5qKehVhSBu0sSpuvKxWVlL1qKIDipjA2kAOSFsNU6yt2tpn4rv+uAs0ubfmo8D2j2d0ui2qNrNs0MdWywAWPhHOpvDrhbtDLvecoK1amXQYsoJsrZrmXWwBtxQl0sbDqY8F6Dg8rpv7Q2QX9obm9fTa3gFKFfQOYk9r+krNcFoVbv8lC7C96YQoEJparxwLuCr16BZuoJsg0qMhSyokDI6Fv9CKU4oOj2GPcDyJGgH/UsNrEd9EaZbhpZrOpzmuptAe2qSSC17D7Q0BvqSq8suMS7Bj/yS42aNXMWdY1nWsB1CWB4LyRwgbeZCjoZI57pMNsLE9oQALiI85RHTymjBbUosDiPZ0ths8BAsgzpNSxOEfppVndW67JDX25S4EhUYZx6Jz+NKrTCbCYB1HtjECiQI1te5hixIOk3FhY8lHT6U06Otv8AHYeuHkFzampslrnOGmrSYA06nEy4O75XleKrVajvvXPefzOJ9BwUNelpMEQbfFaTPHG0uz0zOdeKpVTh2g9ZWDmhrmuDRqJjU21hZUMB9n2Lqe24NHqhXo1ndbA121GTEw9h9l7bSOUwZB4SF7RiKWJraalGr909rXtgXLXDUPgVVlzcHvoWlHsGa32dso0X1HVpc0E8IsEIh6N87rPbRqNe50xBmeSA5VmNtqyOVkpcpGPVYlOaVaBcbVUnXqkHJdakDYzKiS50QJM2VvJKppmTdLj8ge6sWUnw0Cf3KyDgcQwOgg6TCpSaLm0FOJzl7hAELIc0m54qm+hWa3UVt9F6raxh8DTdNYpr5RTdSolznbiwK886R1C6u0nvKM82xhe/S09kW8UE9If8cfyqUQzNqPhxJ5JzKk3gxzi3qif7OcAyvi6ge0ODWixE7k/ojXpph6dLCVAKYHZMW7rFUTzqM+HyL8HlLHqlmLphTAqpjTdXkIrFRtCe5NYEDouUcPIR79neaNoMqMv1gc57Roc8FjmtY8EBwiw34akGYMWRp0CofeVXkezT0+b3Aj/YVXl+hsfA3/kQRvrQJfAJABvYQI57W+ahblzqw0uGppuCOHeEK1M1LmvpkSWl0988vIn1Ku4bpI9lAUWO+8c8xJgBvAF28XG3JYXBraOmsifZVzTLaWHqRVDwIB7NMuFybuI2CmzDLsPUr0atLQ9ukMczkYNyOUO+CfjcPWePvAK0iPu8S0ugiNTadRgBieaudEmNFQ0S1wILSA9ulw4mYJHsgmxiCFbF17FeVri1Wg3d0dwtWkKFSiwsAs2Igke0CLtdfcXWjgaLcMxlJg+7Y1rWgmYDRAEm5QwzMajajpdIJ3RA3FuLQImeP1WB4m37PXZy+Zi/aVhx1BeG8N15LK9Y+0Vz/wCEMm1p77heSro+FLlB/shqmLqS6lGUq2gSh67UopXSpA9MwtQNNRx30/IKhlTA5o1bF90uPaWl3e36J76WjDDmUg4RY7IWuaCzkEJZ+xtKqxtNukxeOPot2jnlTQGjewlYOedquyd4Sv4JQ3ZCWfunEeDUXVAg3Ov/ACX+ATihZ9kT4xFd35Wj/ci37S3t/hHGeHzIQx9kFKXVz3gfD+62ftNo6cOf6f8AcFyMrT8tftCt6PJ5VTFOurcKhiz2l1iY7Iy5dTKJejPQLG46DTY1jDfXVcGiAYJDLvcL7gR3r1rox9leDwhbUrE4mq0yC8RTBH4aQ3/qJ52RY7R5PkuS4iu0OpUXubYaohl/zGyPsvyv+EoljnNc9x1OIFtoDRO/G9t16DnTNVOQI0kOiJtcOEcbE27l57i6+pxI2+iyeROV8fg1+Jjj9XyB+fYM6zUp7+836jgsHr7ibf2RzU7LpgG3FYGNy0OdLRE7jh8UQl8MbJHejJrYcOMtqmd97cEc9F8PVc01XzOkNEm8Dcn4+pWdkfR2ia0OGtjQC47AmNoB70dt0thrANO1to8EuWfSRkzTaVEOW0qcdo3lEFF+pvYGyGcbhIMsKgwmbVadm+cqur7MtjOn2JccPDjBJFvMfovNyjTptWc5jZjdBq1ePBRhodDEhToTStBJybKVNlSQem9IWw4Du+oTs2/wmBQZ7Ums6OED4pMdVkNCKHOoC48VRzY/9w3uCv4Q9seKzs3/APK8gla2iV0c90nzQZnDpxNTyRkG3CB8ydNer/N9ApIPRvsVYNNd354/0tW/9oWU1cU1tKiATIJLjAAF5P8AZD/2TV+rw1R0XNQx6C6Lv40kwOPHmuRkVeQ5/Y0YfGeSNvoDcJ9mgj73EkOj3KY0g+LjLvQLY6PdAaGGPWO++rTZ7wNLR+RkmD3mSt7rg27jLuXAKE5ieGyseeb02bI+PCO0iyMyOGcKjmF7fZfpMua0kdoD3ogW5IpZpcA5pBDgCCLgg3BnigWriCTZEnRnEF1N1MmCwgj+V1x6EO8oV3jT/qVeVi1zNGuY9r2Tx/Ce/uXnfTDKzh362j7t54bNduR3A7jzHBeg1sRBg7ERfY9xVDGUwGllVuui6xm+jlPd38IWicFJGXFkcJWeWyCJKgfRnZEGf9F3070+1S3BG7R+YfUW8FnYTLHEQ2T4An5LI04nQTjPaCDoFg2y8OAcCwgg8iWqznGRvw510yXUTx95nc7u7/2dDovlf8Mxz3u7ToJmBpa2d+W5JWx0bzqni6JrUz2dT2x/K4gHzbpP9S0xhcdnNz1KTo856xwdAO6tZYGFxDt/BEnSPow0ffUCGkuuw+xfiI9m/C+/BC9fCVKLtb2Ed4u0+Y+qyZINOmUvHJKzH6cEQwDmg8tRH0txZe5siICHZWzAqggRGQoyVM4KJwVxIwlNlKUyUAErszqEkkXK1nViQ3vQfRqVRGoHvRIH+z4BTFDNmtgn9tqrYk68U7wCkyMa6zR4qHHP0Ymp++CRt86JS9bFquugDFv+8qn8xRpUryShbJsqdi8Qabdi4l7uDWA9o+PADiSE8mltkRTbpHomR0hQo06Q3a0F3e513H1JWpTxPJD9bGS4+JUrMXG64zTbs7iaSSRuGvPFJqPP4LO/ixwum0sQSdx8VFURdmpTB5rc6OYk9fHAscPMaXfQrIoMJudlpZQIxFOObv8AY5W4n7orzL0YVPph3Dy+qhMNEE+R5J4dPdHvbQubXDrN7X9JHzXTOQUGg0nRvTJsR7pPA8geCyukGd4jDgmlgDiGDjTq3H81MMLvTUiOrhdYh1hYkA3sZF/JQY2tSohzjFhJJcYA5uJNggAcY7E46nofTZTpVKZbUb2pGto9mpbUQZEBsHnwRHlOAZQYWsnSABcyTAA3PhHdshzAdJnVaod2epOxcYdxvpiADaLzz5AqB1QQQWDYC5J7zySRnGXTGljlHtFLpFi9NIDm5o84Jj4LFoY4RDoINoIkEd6XpvVMMpNMuH3jo5mwHpPwQ3gsaHLFnl76Oj40P9ezP+0bAFop1GN+72JHAnae7vQPK9ip02VqTqdTtNcCD++a8jzLCGjVqUnbscW+MGx8xB81qwNONGHyMfCWiAlNJSJCrjONcmQnOTJQSFuPYDSBj3lD1vaHgpsc7/t2+P1WOK/aPgrIgwq6N1Pvge4rNzKrOIqH8yd0erfeeSpYmpNR3eSlf1DL6RHVLnz+SL+ieSfwuH7Q+8q9upzBN2s/pB9ZWDkVBhrNDhMS4+Db/OB5oyGL1LB5mb+qOh4eFr3ZgZhl3a1N3UNTKqhEjdEpYClZV0TIsLlZIzZslFHnWY5g6idDpBG8i3ktvo0AWio43OzeA/uoem2h1FziBq3HddYHR7NuwGkwQAP7q6uUbRRfGVM9QpYy0KHN6j9A6p1RrybOpyXDeY03iN4vEoewmZTZTY4ms3Rckm2kbnYd6iC4yTHn7RaLmVZk6u9orVSBqEirUqB+q8NYXACLSXG0G4JgIryvP3Co5rtQhocWVNJaJJaHU6zAA5si7XdoTM8CLZN0PoYJrqmIeOveIDRcs/LbjzK1Mvotpsc57hSpAzHICb97r3N910kciVJ0gjq5mXHTS7R9552Hn9EM9IceHNNKjprXPWgubJBBBkOsSdoPDxQl026d1GNFLCN0UybvPtu5gA7Tz38Fl5DToVRrw1c0ax9um/U9jybkkEyDPEE+CpzT9dF+HF7XL/hvMwFLV9y7qajf/W6Q3093ykdxRHlOPr0O09lvyuDgfIGVhU+sdDMXhxI9irTcSOfZeLjwdHgrGHZD5pl7SJ7D9iOMd6wW09dnRqLW+gjxv3561t9QE8xAjbwhBONf1VYtB3uivD4t/A33jSOG4/d0M9KMufUxDOrEDQDM2uSQPK/ojt2wi6VI1cpzCEF9N3j+Mqx+SfHq2opyzKn+PhsgzpixzcZWDubSO9ulsH98ls8boxeWZepIXKLUu1LUYR7nJkppcm6kAFeYVPuGBYDalyUQZrmjDVbhsKzrHTpb48+4KfMckpYdrTiKmqobuY0W8BxTp0S1YNYXPuqf2WzwKmbmNM1JcY4pcXlhe4vZhnNaBusis1nFhHmkb+R4hp0Uqa31qjbw1rf8zp/4Iuw1IloJQz9m9NrqLwBbrb+TWx8yjiq8RAXIz6nSOxglcE2VS6AqmMf7LZ7z4cArVVwa3UfIcyst7oku9o3kcZSxQzYKdNa+qKY975DdY1HLyGBwbe8eqs5xX14l3JvZ+p+fwWjlFLVTs9wgmxFlrXrFGV+0mVMDjbwSQR8F650cy1rKLXNcA57QS8EGoNQktb+ADbaUGZD0XFV3XVA0spm2rYuF78wLW4nzRLjMy6mk5riBu4OPBp3J+nir8UV9RlzZH9CLGOdQpnW8gMbJuZe8/ic4+6OE2QjmWcHFOuQyg3Zg96PedzPKfghfOcXiMY/TTBFIHsi8u/M76DgtHKuibyR11UgfhYYPhPBRlyKqsfBiadtGH0jxAqVA1gljN/E8PIfNMq5MCA+mdLoBsY70cVcuw4+70ANiBBuO/wAUM5rg6uH9nt0+B94DvH6KqOS9Ivlj+WMyXpPWYOpqPJPA8fBFuDzIuaNTg9tr7PaeBB+i8wxlYPMixUmFzmpT4ymlhvaEjmrTPZKWOj2wZtDogH+6tYqiKzWkOAePZJ2M8DyBPHxXnmTdJgyW1WunkCY8SER0aR0nEB7m0wQQC4nUZBDWwfiNvNUPG09lymmrQR5bi2lvZ8C3iDxWD9oWSNr0TXp/4lJpJH4mC7h4i5HnzUppva7rqQJa65i8TuCFcwGK1uhz2XsRBFjuDKiEnCY04LJA8ZBSytDNcqdQrPpOHsuIHe33T5iFRdSdyK6Zx3ojlM1JxYRwUMqQD/J8noYYvxFGvrqskFhggA3txnZA+cZvUq1nVC4kzZEvRukGMDJk1AQsCnl8Yg0XC+v4TPyQxkEvRzMKjsO91SoDwAi6FcwEvN1sGkKVSoxvs29VmUqevEMYdnPaD4FwlQqu2S7rR6P0OwBw2GaPeeS939QEA/0gLTx9fSNZsP3spqDQquZ0i8Eu2uG93jzK47fOTbOylwikigzM9ZknawHL+6pZ5mQZSNSdxbx2j1ssKoXUqjpmNRjw4LEzrMDUOhpOgEkjgXHeP3zWvHhTZlyZuKJMjwVbE1HtpjU8MdUPfBEgd51I46FZV1tMmo4sbNrXeZu1s8QEOfZzjqdKtV6wwXUSGWmSHBxb4mPgj7KMOX9pxAAEwLBs3H6rRKCb2Y45HGOjRxUNYGaiymPYptsfGRee+V5z0ixzqtU02z1bTe5Jc4blzjvBt5IozvNA0HSS+s+Qw8ANi63LmsLD0xSaNTZ5ykyzUVSLMGPk+TJ8qr02CJv81rYfrXH2CG8CTHwTMBXoi4DR6LQfjgeSxs6CKLsG3Wb3Wfm73NBHVuI5xKvGsNZP/wA9V2Kxwi8QoXZPweaZq1pdIsVFklDXVg8AT8o+JWvn2mSQ25Vfoszt1CRwaPUn9FvxvRzsypkmNxemoQGy3snS8d3q3hax2VynntTsUiAKTI0tEwDG9zJvJk7kqln1OKo/M0n5KBp1NiII/Y8ESQQej0zIMyIiSNJG+mFt4p4IlzW1LW1NBkeO68nyrMnNMOcQRwJME990Y5bnks0uj1NjyErLLGzXGaeyj9omDD6DK9Npaabg0gEnsOmPKfSV563EOHvFeh9KcY3+DriQdfVwO/rGn5A+i82K2YfoMPkJcyycc/moOvKYVGrCqg/6SZN1FakzDkhpaXtJMxG9/MeqzMtpO6x1asZIJusrE9J8S4tDng9WC1sDht57BRtz6rpLDBB7kbJqjZoAu1OPEkqpkTZxrDyLnf5WkqiM6eBAAWl0LcX4h7iNqbvUuaP1ST1Bssx7ml+T0fD4sGL/ABT8U6WwN/7rKo0i1w5FaVWqWM7Ptkbn3QeXfv6LlVs6zejP6Q4nTh6jjYNYQAOLvZBJ/mgQvJwUbdO8QRQpU59p1+8NH6uHogYFdHAqjZzPIdyolpVS1zXDg4H0Mr2DG4wtbobsZd4gC7jybyXjTkbYPOXYii4gBrg6kHtE+w0HSGcm9kW4RHjbLSspirdBXkWFGo1H9p548hwaOQC28bl1Ks3S4AGLEbrMyCqC0LdbSC5c3bOnFV0CeE6PUiT96+xIseRhalHJqLeDnRzcT8JVXNsFUp1NdMS07iR6p+GdUO7TPj+qmxqJndW0x1YjvAVfMMHhntuwA/lt8lLVYdTWOe1rnXAh7vMlrSAPFJjcqdH+I3yBUXRNATXyvtu0XaOLjsqGXtcx7wBYwfnsjM0GtboBnv5lYHSeaWHbpgF79JPvAaXGAeEwtWCXKRl8iNRB3Ncb1lSZs0Boja266m7TPes6VKKxiDcBanGzHGdF59PXcGD81fydr3uDRvI8FitrxsVYw+YmmdQN+HilcWWqa7OzvFOdUdTJsxzm+LmktJ+BWcVz3kkkmSSSTzJ3KaSrFooe3ZxKjlPKZKCUNStXSlCCRXIq6ADtVucU/m5CpRN0CfD6o/Kw+hP6qvP/ABstwfyIOwOwOEXnzUlWpqExB/tCWgecd54DyVfEugWG+3/xc1HTYD9OsRqqsYPcZPm4/o0eqGlezmt1leo7hqIHg3sj5KnC6kFUUjk5JXJsaUXdB8KYqAmDUa1zRz0l3z1IZwmFNR0cBdx5BE2VntBgOhzT2D3cB32tdJlfrQQlxkmEeAxJw79LvYcez3Hi0opoZo03kI
cbWp1W9XiIpvPE+w7kQ7YHxhZ+PwDsKWvDnOZN9yO4grA1fZ0IyT2gzxWJa9t1RGJAtKjo1mVKYI5Ki+kq6LTX/wCptHGeCycbjtR7CqVcKbbnfn+qkp4a4TJIjZewWBtrdflO3ihLp292ijaGF9Qz3gNj4OcjSsTpbTaLu2/uN1j9N8tacLp1feMcHgcXQ1wcAOAg/AK/x3UtlHkbgeZLgklKt5zTikJXFNQScuXLkEnFRKQqNBKECeExPaUAcVsdEa2mvH4mkehB+hWO5X+jn/k045n5FLk3Fj43Ukes4OHU9pnksnpJixSpPcLEAx4mzfjCv5LWMOYBJBkc4Q19odXSxrPxOk+AB+EkLnYo3NI6OWVQbAKV0pVfyHAddXYwjs+07+Vtz62Hmum3Ss5htZJgC1oB9p41O7m8Af08Vq1csaW9oWkgEbggDfjAnf1W7g8E1p4anXJPujgPWFbwGEEanEEiQDwiTt37LBLLuxuIKtZXptgBtVneTMW96/JQ1MxaGlp10pmWm9Pu7JtHfuiA4cDU6C2eVjI7uM23VStg3aZdoPC4gk+I7u5Omn2JtdFLLsxNEaWOY9vDtEcNgTN4urtLN4Papv3js6XX5brKxOW05INKDv2HC20HcFZ+NwoaDoqVG+MnmdyD38VPCLHWacfkM/8ArlGPYqcfd+kqvic7uNFMiPxuaO/YSUOYrDXdDyAZhrRteYEDaU6lgmOaHFjnWuBYSBpO5A93ZCxRRL8nI/k0HdICXkioQ4j/ANYixiwJJiRHJRse95kdiQZc4kuvIU2DocGtYwRa08uFhxVmlRh1zqhzQOW4mALcSmVLoqlJvtnm4SqXF0tFR7fwvc30cR9FCtJApKRcUiCTly5cgkRyZKc5IgBEoTU4IJOK0ejLgMVSJ21H/aVmlWcrP31KxP3jLNiT2hYSol0yYumj1fBEiNNibyDf2p9P1Q59o1Av6uo0TBLTb8QDgf8ASfULdyivUJdpDBz994IN3NFg0GRaDsiHG4RuJp6KrpcRuDOkjYwOyInYBcyEuE0zpZI84NHhXUu5Iv6DUeqbUrO3cRTbblDnHwu3/KpMZlxpvcxwGppg/qO6L+a38roMbTpssHEEzyBMz8Vuzy9P2cyF2WMM617l3EXkcDB8/VX8EwAAfveU2ngQ24Mp4qgC3que3ZaQ12CTJAAMn6LMxWIAOs+DG/iPNS5lVk6WS50WEmB3mdlVbgur+8qXPM7DuA5K6P5K2Q1XloLnXJt4uP7+CyMcyNLZ5E/T6q8a+s6ohomB8ye8pHYMlrnu8vorloTskqs7M98258FHSdYgbdpx9Tb1lWG1Q2nJF9J+Zue5RYOmdDZ3MT4m5+an7kFhhDWA8eH780uGZcDm5qq3c6R7IOkd/M/vktPDMgjuP0lK9AebZm6a1U86tQ/63KsrWaNitVEzFWoJ/rcqq1ok5IlSIA5IlSIJEckSuSIAalC5Pa0RvdADCtDo62cTS/m+QJBWeVbyfE9VXpvIkBwkcwbH5pZdMaPaPWcG8jWaYg3lpDgWmLgkiCL7habcexjBUJDeGktAIBO1jAuZ8ghOn0jpAhwmbBzTO3f3rVzNzMRh3OOloIuJuJsbzYxsuZTuvudRuNcvsd0optrGnWpz2uwe8+75xI8kOjrusNRvaYOyQD2gBaQBwW/leJBwxYe05skQJlzNiSOY+ay8PiyLMjVAk25XhXKT48X8GPNBcuS6ZsUMcSwSPIkyfGUjnnc78G/qocG4bky495v5hWiwe0+54NVRUzsNTawFx3O5O5P74KliKhrOj3QduafWLnmTYcAr2Awvp8k11sWrG4TLG27OyficMGtdPaMGBytx5KbE5g1nZahvP860UyGntOBA8+KiKlIHSJ2UZpR3GfImFVruIa0N3cBHcDue5U8NnVTqi8tAa4GL8drcwp8E01HEXOkaeMWtv4rQ003ZWW8K5gIE3AgABaGHEnxMqItDBAuVNgTcJU7ZL0eW5iZrVT/+lT/eVXUmIqanudzc4+riVHK2kHLl0pCUAckXSulBI1yVcVyAGhKEiUIJEKanFIgDWpY5r/aHai54G10ZZM8YjDvowO1TIAncwRN9oN150xWsFjn0nhzTcKnJitaLsebi9hB0Ozx2DqvZWpl7b6mGNTXCxgHf9laeGrU33piDvBNwDwHPxWVmmesxVMaqY60EdoWMce138lWwjzwmRxYb98sO/iPVJKN7emRKVOk7QbYZsDj3DmpqnZubE8Bcn+yyMnxb4Psut7TYDh3EP9k9/oroxjv/AFNY08Xka3f5nb+QWZxaYrZotAa3XVIYzgNifAKric0dU7NMaW/vdVRRJOp7nPdzcT+wPBVsdmIYIaZPddMo7FbOxuJbSEk37/oOJQri6xqVBPHgd47+UrXGEJBq1tgJAQ9SxWp5cd3H0HAekLRBCPZvYPLTUAY0QxoNzbU76rco1W0aTWgdrSJHGYvJWNhMdULQ1pJ8pPqFp4LBx2nmXfJJL8kr8Fmi9xkk+nBWGVNDHuJiGOd6An6KvTrtcS0G44HfxChz2vpwtbvbo/zdn6qI9gzzdrUsJVy2ANhIQnSkKAEhcuSoAQrkhXIJOSpAnIAaUiVIgCRgTiE2mpC4oFJKIgExxC0cOTaI8xI/dlSwjpgcJWoWgNt+7quYIIsppdkl4G+8Fw2HFzoCv9Y33ZPp9Fi4YxpA2utjDmW3WWS2OV8VrdZvneCo8NlzWnU8gng0TA9d1dpKvjKhAsUJvpEMwuleY26scd/qhwNaNyp8yM1XT3fKfqVZwmFYfdWlVFCjcDj6zLUp9FpUcHiat31HAfvYKxhRpBIAttYH5qerWdpBncqty+wUT4agKZHaLoHEkn1Jt4Kl0mxR/hyJ9pzbec/8U7NXltI6TF1g542G0o4tLjzJ2kniphG3ZPyZS5IkWgBVy4JEAKuhIuQScQkhKuQB/9k="
where user_id= 178;

update user_profiles
set first_name="Paryss", last_name="Bryanne", profile_picture_url="data:image/jpeg;base64,/9j/4AAQSkZJRgABAQAAAQABAAD/2wCEAAkGBxMTEhUTExMWFhUXGBsbGBcYGRgYGxgaGhoXGhgaGxodHyggGholGxgXIjEhJSkrLi4uFx8zODMtNygtLisBCgoKDg0OGxAQGy0mHyUtLS0tLS0tLS0tLy0tLS0tLS0vLS0tLS0tLS0tLS0tLS0tLS0tLS0tLS0tLS0tLS0tLf/AABEIAPYAzQMBIgACEQEDEQH/xAAcAAACAwEBAQEAAAAAAAAAAAAEBQIDBgABBwj/xABDEAABAgQEBAQDBgQEBAcBAAABAhEAAwQhBRIxQSJRYXEGE4GRMqGxI0JSwdHwFGLh8QcVksJDcoKyNERTg6Kzwxb/xAAaAQACAwEBAAAAAAAAAAAAAAABAgADBAUG/8QAKxEAAgIBAwQBAgYDAAAAAAAAAAECEQMSITEEE0FRImGhFDJxgZHwI0Kx/9oADAMBAAIRAxEAPwCmlnIZIlgBeUB9WG7mJVWIeUQkXUDw7kvvC2ho7OheR3c9NrQSjCVhbkkuOEg/lHn8sYrkehmmWubmsl2dmvziOGpXlJILg6R2GS5oQo3BB+Ll2MXUqVXURw7kFn6mM0ItP4/cgwKWAysefSF1enUjX84tTXyEWBKjye0CipSsEpSXDunpD9yt/QbBE1KnAUq+4iGIVpUfLQD2fXqYpoJJVMKtnIIO0PPJSC+Qs7BQIcxthFzjaEchFQ0JmBQysR94B3fnEpv2IKVBL/OHc2nUh0ylOC79PWMxi0xCHmL4iDvow1jM7nJwdftyRR9E5s0gpMsWIuDp/SC5IBStRGVIDlR0HNntCzAqcz1GZNTlQkjKjqSMoPM3Fvuja4YvxOpa0FVwgTLDbKOEA9ASn2MbY9Oo0mbMfTKrkVU1VISk5pgyru936OAHEe+WsgrTlmIFgZan15tp2LQgkYUtczIOQKX5FL+o/ImH+AYVOQoLJMtQsTa38quYNuYLjmIaWKMd0xo9GnsL6ykWkBJzJcvfaL66uVlEu6RY9LRt8SpUKQCpKXIZW7dR0+jxkMbwZQmIKVOktmTqwHOMvcTemRky4pY24sWzakqY2va28Wz6YLlOVgKToPxDvBtcuUlvswSDcCwMVImpQcwk5kq0sbPAU21siqgbBalaFBQBKd41NLO4SAfvOBsIS0ruU3SCQ4b8oOrJy0kIlpUQXLtDN3wXwdKxnLxEFYSbkDct7ROrqELIyMzRmKWrJLzbX+LpBspaQpRSp0ggDkYbSOsg0kYglylYDXaJ0kzzEEpBAfcQmqF5iTYObNvtDjzMsoMqwIsIEkiclGKUqRlFzuoQHVoDvLdPMHZoY1xLFStdnNoT100KIL7XaJFt7FbCsNbjKwc1soFg3WI/5lx63sA5t3hlSUk6ZLCWAJ0LNr+UKavBZomeWSLXzAOIy5JdxOUlSWwOODTyqjhUNiLcoGNCpQUlawH6OANmgJKkykJScz7/AKwRIn5gQHPU2jJFyi9/5GqxBVUqULKEkqv8QgWlmLE0gOw15+nONPOw17pU3TrEZ+BJWygSFDSNqz43DS3YvaYLJqQscCVE8mb3gny5oCQoZAQ+XX+0SkyjLGUXI16x1ZV5g5dxYgbxIyWltc+BHF2QVWrQSDYkWLZh6xlcTWPPlj4y4UQdCp+Fx3B9hGnk1ATKJBAW2hv6R85xuuV/ETFfCQRYbHKAPo/rF3RYP8jdb+/Zdje+5qBjcuWUoV8OUqNtTmAJf/pAHrAU7xEiYlSFAEKK0kdFZCCOoUHEYirqVKUQToSPR9O0Sw5yoNcu4HqD9AY6rx7GqOW3RqTj85OWSCGdISpg4c2v0JMAVWPzkqLKLKBBSbNoSG2105jlHVFDNmKJKcrsbMWA+H6v6e1UzA5jFWg0Dln039oVKKLJTl4DsO8VTgjJmJ5E89j++cbXw/iCamQVJtNSClQ2J1B7EfnHzH+DKUZnB1Fi99r8/wBIc+DaxUuctQJysxbR3DP84ydXgjODceUVZvlDcY1E1ZUVFAcFv2I8pKycmYlRDpH3ToX2jSYaqXMTMKMgJJ+PnzEIK1XkI1Ga+h3O4jPjal8aOfQxly5yJhW3DMOg4svrB2IzZyAG4knZrwlw7HJipbE8KTbnDZc9JUgLmKSFJ+L96RVKElL5JbBXAjkzis5NCCxeCwtjl2ECTZJzKAuxso/eEWImkXGjv2jVFPf9CJMOoEjOXSCDoDt1hh5qFFKFM17j84CokqmKUq1nc6XhphlEnLxSwsAO525wkmW+CidWIVwEixst7E7do8pwEggs78oLOEylSc6AdTbT0vHJQtIBMsKzbnW1mhVOLVIC9h0hYAyKWbaEWYQNOmDzcstSlFnfV4oVXIcAgBra7cmgWcsomeZ5gTnskJ5dY5STScfp9xrGU6Ul80wkE6DWC6+XZIyE9QIBoqjzVKcusWGjQzpZCxaYrWzAxRllTTb3XgdAoWw4g0eTqgpSXV/WDp0qUEkcucJqieDsyevTlF+CayPgknR7UzPsydOR1vCaonLOijp84OnJLWBJOgNhAlUnJ8fxdbiNkFWxUxYqYUJJL3F4xWILBnLOxYt6CN9MqUkF7paMPitlqysAe2kdHo3u7QccdxbJllagkC5MbLBsDJZCHcs5GvVuUZPDFhM0Prb+sfUsCnKlELTrGrNJmzDFeRrQ/wCHUmWM+VJU4JWVTszbu62bbS8Ok+HqedT/AMMocKDnSoh7txO+oIu3QQkrPFQmImJM0SykMkAl1Ke500HLeFmD+LJ/njzJpMsXWoAnKhNyyQl9AQ/WKk5Pcv7appIr8deCpUnD1zJISVJKCVJSEukqCSLXIuDd9IVeEaLy5N0EqUyrcuUP0VS5lFVJDmUeFBUC6nUkpYG4LG/KE9ZOmghKClLjntFeRylDS/Zm6iKStFVTLHnDMopB1PIQnxwPNSoTM4OhAYCL59SS5UGUGJvwtpAOJpBylIIA+JuZ5QuNU0c8cYdT5UqJZROnSCavFjmQCkKSncD6wpwnEClpbAjbm/WNYnCXSFgJzAXB09oqyKKl8yIXV9XmSm3UNFVE6XfcX6wdSSs7ZmcK25dI0a8Ol5AFJGli14XJnhjWlrkslIyVHML2JPNuUOxOWApQ4QRYHZt4nhtPLk5jlSTsO8CT57JP3iXBHeDr1OkgWWYfXEshKyx16EwyqKtKDkN8uh7xnRKMouLE/d+kWIqUuRN4VA84ksSuwlNR4enrWfLFncuWPaGVHh+d5c0AlOpGotDReKpMwpRd9QbNEv8AN0gkS0gHd/y5xyc3U5Zv8v6eP5GpGZpPDqgvMhakgaG/EeTRqMPkTMrmaAp9CLxapRJC0EAj4kdYtWxdnSd33ijL1GTJyvtdDRSRVwBRVlKl6dO7RXi1IyfNJSCA7QNMkTErdAdB1LxcuUqaGKWA5/vSGwwqakpL++AszE3E1KYX7wNUYko8KU9ibw0xOlmpQpkoKhsNv1EA0FBLJdZObUgHfkI7NQS1UVUwCSkgEe79YzXiNHRo3dfKCjwhwNdoyHiUgpsOb9BpF/TTuYYumZeTMZaT1j6jgFSFoCSeID36x8slySpQAjZ4JNJDaLRY/r2Mbeoja2NXSy3dmqxqilzFIWhORYSASmzKBIzDuGeHvhXCZ7OorVLUzfCl0jYtxEPCHDsSCjlWL/WH0zEJxSUomLA8tZd3yhKCbWtoIzLI+Dfp0/KNCTxlj6V1XkSiAiSolRSAxm79OEkv1J5RVTqkz0/aJAmDbR+3OMHQO93Jc33JvqebvD1MlS8qsxDWcPcd4acUjn5W2izG8DWh5iDmQprDbpC6aCAlKk5EnifckRrEVY8mxLAtfQ94zGLTFTSokcKAyShJb1iuLk+TC9gfCqMzJwy2Jc6s4je0c0yksUs4b+pjHYPLlhaM5WNCSLN0j6NJTLKPxkBkndjGTqstSSa2JEXYSEjMWJe/9od0s0LTZ0kaZoQmWpKmTaDaSoyAomi794yZ422+eBmA19blWWAJJ+cCzZ3C5A121hhU0MpaVm7i4jNGUoKAmPe4b5RtwOMuPAbCzP8AMUVWsw1v3HOOqaZBU4cvdzBUsZkAqS2WwIFx1MRm4TNIBlKCk8+cProDsJwCVIWlC1L+0bU8toZypkvNkIOZWhIsPWM3hwHkIS3ExvvYxoqSpLCwJDNfVucc/qOm1Tk93/f+Gt49xfiOJLlKASoagEtreHKrkKChpzhN4jCDLCiOLMNDYXGsVfx6QSkDT6xPwjcE47PcPaaRopIU4BAy83+kV0uaaVpCsoQpu7QtTXos5PoIWYZiKRnJzAlarDlGePRTabrfbwDtsJrah1HVPEzvyLe0D1UwImsMuYs5HKKKeekoJdR4zbbWISpiTNIcpSVMSdRaOvDDvQrxBOKVvlI4U5idgbxiaqXPqZgly5N1H4QdTrclrD0aNPRUpnTFSxdbluw3L6BtzH0Twx4eRToeypiviUA3YDcCL8UViey3DDDJy+hhMN/wxnIZWeSVboKl+wVl/KA6zBlSagWsQxbmNQeoMfbZVLbSAsTwpK0nhSFagkOHGj8xZu3YRept/mNOmK/KfKZVOyg4jS0tOryag5WzU80IJ6JL/NvaNJSYXSzgQqTkmostIJDHmLsUnYw2VJTlSlgnLo2jGxT2IhJRQ0Js/PUjDlFZDFjodQ9uWh011hz/AJVxhChNlKFw4UkPuLx9Yq/DUlTLSkJI1ZmLQxmS0KR5UwBSDYOPZJ68lfnqd2VZsaktj49WrTJlBKioup22f9ImJGeWMksjMTnYsOkaPxPgM6nSry8s2SovxtmR/KTuOR/ZQLTPUEiWgIy/dzBu8V9uTVmKWJrkT0VemXMXKWN73cnpGrw+vSlQypIQzEG8Z8YHNSTMEuWpW/E7xOoTUFQPAkkXAVFeXpe47FjFpmrTispK1pyjS5O0Kq+vUpQXYoZra6bwvGH1ABUgov8AE5GkBUi5j5SlDubhcJDo2FxbY9wuozJPEwYxBVRwErUlWXTaFCjMQlSnQR3i2WqonJdQlAJOXX+kWLpndk0MYTqlRTwktaxYW3MGU2OJIZAYDqBGfrqSao3mIATcgKGnTnHsrCVLdvKDfz6voTbWGn0upUTQ/YzweeElCSzZ5jjsTGhnVaBlKUgcQcwjwnw5PmCYlI4pS1g31J6+sWzsHqEImZgeD4rhgybtziONs6Kmj3xSAUKWmUMqiFJV0s5icpMqxysbuTuYUYrIrJdM5zCWMgIcG1nEHfwtQsoYEpNkctLxZVCllZUpHwJD5oUYZMIMxvxK+cOKjB5wIJAB2cwopZaguaCL5zCSumSjyhmkSiH+8fd4rkImLnMhiszN2aLqGmUUKFwyi7jrFuDyUmoIzPxPaDGVS3Fk1x5Zq8BQECaS2dZGcjS2w6fqY00mdwxjJdRkmEHnGlop4I9IkubNeNKqG0jF2s8XyqwLMZ6qTd4NpZmURNTFljj4Dq7DyshcshM5HwK2UNShfNB9xqNwbaGeJySQMq02Wg6pULEdRyOhiulqHY84zmJTQqqmrQSCCBmSWIISEn5pizF89imalFmqCCkxLyQoEM4OoN4R0uNTwGUEzR14FduR7mGFPjaHdSFo52zD3TD9toDmxN44lqTRT0qBWkp4TqQxBv21fkL6OfjlVLKBmSdbR+gsTxCSuWQhQWVWZnA7/pHyPxzgCKVpsuTnkqLEZiPLUdiPwnY+nJz23yU5HasyNPiHllweLltA81QJzaHb1iudWIcj+GY88zw0NAvIFfw6DZ3z/wBIVxjF23yZ04lEnFpglmXZu127xRTVA/DbmY9qqlUoOqmQNnf+kRpKnhtISu+5iaI1ZLiXmcmwLsC4A37wYqpBUsAAIJBN+QEUorpgFqWX0vFuGU08gzBKlMosyjp2gOK5bJqT3BK0uR8u20QkVJS9nvtF9TMnoLGVKcbwAaiYOIpQM12htKa5A2nyfZsJxfLMWMhyqJUog7nbqYa1/lzkFHlqGYfECSx5xkq6VOWlBQMjFyX1tZ4oV4pmJlAZVuqxyjd2d9ozRU/9SyO3k19dhcuZIMsSiWHxFRuQNWgzBA0hAFOklNnUdW3iMrFjkSlIS+UO/aA5ZnpCgmdlBNgA+X3i1NsstDsTzmymVLB5awBMJlT1zDLQy0p23EULVNI/8QrN+IJSPyhPjmPzZE0yihUxK0DKuzJVoYDU3wwN0iXiSoVlXkAOc8TBow2HqTJqWSXIuej2aH6q+cSEgByYz+IApqCCQ+UO3eDHHT3FjTkpGgxpLELGhhpguIWYmE1JM82X5Z1GkU0+ZCmZojWxvi6dm0qJ4yvCqbib2LhD8RGp/lHU6esG4PKzi8KvFUqWFjMrLLlJcpHxLWSS3RgBfrCJXsPJ+RxVY6Jct0sVmyQNH59hCmlVlDG53PWM9JrMxKlBtkjYDZI/P+8NKWocvGzHj0KjPLJqdmhp5v8ASCkn9vvCUVoAiSa73h6JZokzBZ9djyimrlImJVLWHQsFJHQ9efWFyaxxEFVjiCBnyCtofIqZsqY6hLUQTuRqk+qSD6w8w7EqeW7ZlApDAjeA/GywqvmKBZkywSNyEJ/IgekIf4hnLm+8Y82JTdHMmqk0hhiMzzyVGweydoWSyULYTIrM7NsQejwRIwoqSSSoDoHJiyMdKpi0afBaUoAVMUk5i9/l6Q3TVU6MwJSCA5v9IydHRhhmJDaJJL/2iibJBWRl9TGftqUmrGRpplQicSZSQUsbnWFE0JNhKUrKSHaD/D1GADbj5GzDpFVdTT0rIlrCRqxLGDGC1UFxs+k02G5kZphKnZg+kG4ohNPJdCBlfiJi2iUpgkJezkn6RbiQROQZSy2YH0iqEtqNVbGYqKspUSSbsRDfA5ipqbgs+sAowky0pDmYkaK1MaCjPlhIyHqYOOLi+RYxdkf4RjrCvH65EtctKrhT27Q5n1R0yu/UD3jNYp4MM9f8Qup4g7Sh8KRsAdXi9Nex3fgrx+UESEzxZw9tjtHz6kK1qXNU/EdT62jXV0mahKpKiJksi4uMvaFcwNKQnKyQbF3d4dNaQJfJF+E3ULsY2KKNKwCReMGhRSQRG2wSuzoD6xTM6GP0MaWaEFtI+W+JcTCqmctanAmEIlpuVZTlClHRI4RbU/M7PxNiHky1zH0SW7mwHuY+Y0tSUkeUkmafvkOpy75E7H+YueTRd08fJR1E/AcvMgiZULyqI4ZQ1A2cfdEX02M+g6wt8uXLJVNV5kz8ILgH+dWhPQH9IDnTVTDp6AaRqM2o1qcXBGsWDFGMYxaVo1cQZhlHOqDwPlHxLPwj9T0iDKZs6HFAo3MF4tULTKXMQh0pZySzOcoLakAnpAGFYYiWQBxHn+9I0eRK5apKvhWhSSByUkg353gMs3aPnUvAlT1CYqYh1nUm5J3bYQbUeEU0ygqetKkGzoU7HZxyjPJo0udWa19IMGDgpUSsJ4XAd4oc0Y9JoaHw9IRMlzVz5SpZLFJ+TwVVLpZa1hIB6hVk9RzEYlNBZswi+XhqGBc3cEMWhNUX5GS9G7Vh1HMaZMnBRCLMQPQiLv4GnkSlTUqTNzJZUtQAI/5YwX+USyBcpI5O5MTlYOVXMwkjYvAuLfIUvoNMQ8SLRK8lMsBTuFWOUd+cZmbJnTlFalueajf5aQajA1XILtrePFYQTz+kOssUK4tn3qTODAm0VTFJKnZmEKBijjiJv8vWBa2uIDpG3OM2pGi0aA1CAlgWEUmrS3xMfrGIVXLUA5I6dIvkznJZ22vAU7F1o1UzEUg2APeFuMV810hBy82s/KF8xYAckML3gGslzJykmUvKnKSSRr0hmvYXIMxTEFGVlJ4zqfpGVRWrJ8tWj/MXhopE0FJHxA6nSFlQ6pwUQxYvDpIVNtoJZ4eYIsgGEqBGgwyn4M0CXBvh7E3i+RMqEBEv7pcj8TB2HXT5RhEqUklN0nQguD2O/pGwqJ/ESXJJ2NmhF4gw/KRNQ+VZOZ7sbN731izDlSekxZJ6pNlVFKkgBU5dtkDUt8/SD5M1c7hp5QloGq1D8ufSEcmV7nmfzMbzAsNXMSAlK5gHIZUD/qOVHzeNdpciJN7IX02BSk3mfaL5rNvRCbe5MNUqDAaAWAFgOwH0sY09H4PWRxLQjoAVn/aAfeGMrwjJQcxK1n+YgD2SASO5MVSzRRdHGzHSpjAljw3IAcjvsB10iyvmTZcrOfsyvhlp0N9VE6gAXszlttd/TSgkMEgI0YAAewj57/iKtSqkDOAEywyepUXPqw9hFEszkPNaYmWm4eLkKT2eLaimdgFJNtB+ce09O7AXJhtR4OsE5msNesZ5TSMwtl4aAOJYcdIhIkXYaQ8XTbDLca3iMvDyRZnhO4g0L5FGxdTjlFxpUFIJUXfRoYzaNYTdn7QKtLav3aApphBpdHJzcWbo35xwShLhib7kQVJkAn4tYhOkywWc2iPIgOi2TW8PED3EdU4+EpKAgl7eu0LDMVk4PSO8kS0ZlvnVdmi1NIRNjakQVpCiwLXfaODZlJz8DWZgTCNdWtQYC3T3vEsNWyACLufSA3pVoZIeSZkpNgnTdRcmOqMWdQBFgLNYGB0LALEbRVUqQqaGdspihZG3uNRJFRmK0qUA7N0hbLQM55gN09IuL51WGgDc4umU6gQVWJ/L+8aMfJIL5IhJPE3KNtIp2pZh5IJt2jHTJYd423hyrSuSpB/CQfYw8zbHhoxdBSFJezEwH4t4ZBGhUoAe+b6CHiJYs8ZrxE86emULCWOI9VN82b3MU9Onkyr6bnPe4hosTmS2aWg9WZUa7D/HsyWE+alSUnTM4B7WizDsHkgD7NKuea/yNoZIwhCT9mZsrmJU1aU/6Xy/KOnLFGXKLoynHhjbDP8AEWQoB39As/VIhyjxhTK3X/oV+kZZMmaP/MTiOuQ/7H+cemRe5fuB++X7EJ+HgPrkzWTvEktvskqWdnBSB1L3+UfPvE8tS5wmKVdSAfV1D2tGhlzQ2WFOM8WRWtlJbsXH/cfaEy41GGwMm6ElJJWC7+0P0LmEAJ3F3geWkBLsW/OORUM+r7RzZqymi6TLP3oNkkhOkLaaaQR15wRV1wA+UVtNuiHhKzc/WK1zVDRL94GTWbZoPpKdSi76xYoVsFAU91fd/pAiJb6xtDgpCOp5GF58JzST9qn2g6GRxZlKghNgra0ESCoh9eFr3tEJ1OVLQG2MHyaTLqH5DQQ+tIiSQDlyJADF/cRVh0gqCu5YwxTREByd4rpUAOBo8I2nZCFTL0u53MRlouCDxAXfQX+cFqk+toHFPcWvzh0yHTCkLYMVbqBcHtHLkqCsyt4Kl0iSS7i1m5xYKcNe55wFNJphTpgqkuLQVISuVKmzHYBCvpb6xTImZTeI47iLSMunmLQj0K0v8gY08mrhNkq2aQGSHWSyB9Seg/esUU+GhLsrOSXVmsok6lxoNdoWpr8y1L56dE7frDiirwQxAjR0+Htx+pmSQRLISHLpu19PcONxBUqb+wxgaZOyp+zP7Ov0EAyahANjlPsPlGgY0SVgwPULAjykQsgcRPYg831EU18hW6joNhu3TvECBmuIVHk1ZKUHv9YAnovqT37mCJq3YdB6RR1D+FCthIP7MXSgFaCK6WlBDqcjdoZoxOUhgjJqzkEt3PKMCxuQuwAaFRNkl4tRgUxQuAOpIEaFFRKIzTFoDfhNjFE6fJCjwunm7fWHWNBpGZNHkJcptBtOUlOYEpbcQfU4hSpyhTm3J45ONUbNLQH/AOUj6w6h5oG3sgJ88DgWop6iORiEwBlTGPYxb/ntOGBfqziK50tM1lIqCkcnB+oh/wBUD9xM6TNl5lEJALlIe8FIQpTkA2NiflAs2nLpazG8NadOUcR1+Rihw1OkthdVAdRLUxJtzAgGnkXOuu8aWVJEwXJuGMEIw5CW/bw8eik1sI8tcieVJGS6VPsbNEZMj4uHMWsfw9Y0q0JIYJAECVErL8Kb7xb+DcVyBZUxE2ga/wBY9Y3DD1iuehed9D02i7yydSMxjI8STousW1SCOXpGX8SVRUZSHsCVHvt9PnGoxOalBSk2d7cn0vtcRkMYlMrMd9O3P5RqwRe1lrb0HtPOg6nqGhRKNoJQS0bilMdSaoneI1ctRDgt2galSeRhrKkloA63F9JWrQcqgO4t9LfKD5lcSGL+8erpTumAatTWiBLJRJMa6TgqWC1EF2YDUd4y+DIzzEgdzyYRvpclKwklygJ5bh7uD+2ijPG4kopk0SAn7Me14uXSE6ZfRILwTKwyUi6SW/C531LRBakoBMsKLahzaMt+iUBysGTnc29bXiU1CU8N/YN+sOJclCk5um4ileHhZfM/LW3tA1ewmem4WZjkrYdBHeXKkDMEpWRqPvdxtD6ZRqbKlYHMtdoGk4YoEmxJO/L8odSBQpqJ8uqsEZS+6B6jvFv/APL0+yV/6lJ+UMwpYLGUNdoKVU6OVD3g6q4BpvkRJkZiSoae0WIkOlrNZonLcxa0b+3EwqTOkU4BJi8zA0D+aBaJIPrD7IFFomdI6cokHLrHAtEM55iI2NQrk0oz8RfN9Yqr0+WFWcgEgc4ZimBXnOsEmncuQLc4xS6dPcvWQ+cy6qZxTHutKkkFiCk2LcnEIsULgWZh+94+hVnhsZzlVwa5WBY8gX0hN4pwgIpipKCMqkkq1cPl+qhAU6nRqnNOFIyOHsbQ/p6RLA5Ziv8AlEs/JS08oWYDTLU5TLCupC1fJBH1jWyJE1IDpCe0lQ/71KjUUxQHLlS0t8aT/NLWn/5S8wHqoQbS1KH4VpJGoCkqbuQc3zi3zyNVj1EpP1EepnBRZSkK6Ey/oDEHWwVMuNLtf+0YXGJ7TFJ7fnGyTLl/cUEfypUCn1QHHsHjCTBnrZqfuIWcx3JBbL0uCPQwCSZqPDdKUpzKtm+Y/f7tG5wBQWSknkfyaMLKr7axq/BqgqYcwsUuOtxft132hMi+LCPF06nzBIKQS7/WJyChjm4QdLb9xBM+oKeEJ4Rqp3t23hYuvKQrKFdufX+kYkQvLD4VZh0/SKkgZmzlI3BiuTXpYTGdxoAAR76wUlaF3B26D3ECqCWS6cahdm02f1i1CiA+rW5PA/mgEAbln1ET85t0kdG+cAh3n30jwTk9/wAogtXMRAr5N9IhABMoRYmRHfxAG0RFUDHTsxUe5BHFL6RFcwuwAPNzHqpx0yEdbNFMsyXBZHHZy0hN1EQRTy0FlC/73gdUwAE6tFsqckkMrZ2F/eKJZpMsWOKPJ8yWjUtbvHtFVy5ifs1hbFjd78o8VMSr4kPfU9OsSklCXYAF3sISUm+WOlXAN5M4n4pbHoR84hXYYqbTzUlaTmQsDLpoWt3a8GVIlzE5FJPZi0B0OGplOmUyXJPE5HbUQtho+SYbKQpRzgKbQKv8o0lNRSQXTLQlxqBl+kIJCck1aRLK1BSgSF5AwJGmUgCNIhBLEy8v/uk/SVHSK40GIAAtm/1K/WLkgdPrAktKm0/+w/8A5iLEFY27ulY/2xB9htSqjFTcGWqpn+Wlas06YWSltVq34n9o11JTTCRZvZj6u49o0FPWrBKX0JDdrRVkyaCyMFMzOEeCpymKkiUPxLur22PUJSesbGVh8unRlQXUTxLUbq9fnBchRMVzpIURwhTEG5ZuvWzxmlllLYd41FNgc4qIGUKNvQiCaVMwiyQ/M2Z4ZGnGoJ0Zm0HfnFKJyv8A07Br9Ov9oSimwRNJdyLbvp8oqmpSNPy+UXTZqwokWDXH3bx3mIbiZzteIyFFFMZXIdtYjMKQSMiSFdn9t4kSNB2iKpQCwrNxAaaj1EBMhRNk2IDjkLiJyZScoClEHq5/OCPPB1S/aPFSEnVvlEshn6qoVsnXe0WSkrAZQuRZy0MESgSyZan3IBf52vHVuGTQkmwH4Van2EXPM2V9tAKMyAzKP0i2YLjPlCG1US2nJoonUExRAUVIU7EIf4dTfbR4dpwuWqWnMrONUBSiov37xVsOAEyQoISQpJfKQCHNrdCXi2WnKcxRrtcN7F+8FIloH/DSBvbfpv6xVWSysHyzkffVujRLQSunT5YJmqCyQSkM3YNBdFVkEKs27jK35ExdRyCeGw5qYDv2hkadJH4bfE+vKIQUrmFeZpyRzcfIXtFWeeu32ag2oF+7jQwWmXd7Kv8Av0ghMxSVJASkcwzf3gWSj5TMkhNRMSp/jU7Eh7ncRq8NpJCgApKld5kw/wC6EXjOUUV0w/iyqDdUh/mDDPB6jSLW3RZjryammw6n08oepUfqYZy6KQP+En2f6wvoZjw1BtA1y9lkoIkkIT8KUjsAIxktTzFnmtR9yTGqqprJJ6RjsPcs8I3Y0I0aWlVaKJmbKVhRDksA1wLfV49lm1ohNpJuXK6SkfCz6N+sKhczpUe0GKBbpQtin4goEcoKmFZBSCC4IBffvC2VQjMFKIcOBrmHbSLvLyKOZRAO7P694czFq6ZRTxkpLbXBV1LWEJ5xOZIdLuWv8Vn5Rp0HOHBB0AI2b1hdiEjIoTCkEDUgXAOpaJ5CL6arKvhSDa7EHpoRFqpb3ynr0bV2i+iqadRV5QUo7tvf96iL1LOiAEsLpJYnpzgVRAOSXZwb66W7xeElIBsx0a8RkZlKYOj8TaQZWIQggeWpb75m+UCiWUpqczFiCN8x05NpHeZwHk97m8dHQCHqZMts6UkKdnfk94uoKcKuQBuW3L6946OggC5lElRDqU++nUxGXhCXsTzvz9I9joNAslNVk4S7E6hn35xVNpFXAW4A+8A+8dHRKCB+QtLHMNiIMlSgrW5IdyY6OhVwGzA/4i04TOlka5GPoX/3fKBsGnZWjo6LvA0OTaYfN2aG4VaOjoqZqAsUX9ms8kq+hjNYcLAx0dE8E8j+hupL8x9YcoqknY6tHsdBjwUZ+UUVswC5TcXDQknSvNWUuQnU8z/WOjoJSidHhQTMGVawUta2UjRmbrDLE8QEkgLDhVrAHTof1jyOiEAsMnyqkqUhGQpJD6G3YxCsSSQTfYak25mOjoWQUCpVlJI17P8AWITJ63cqJeOjoiIf/9k="
where user_id= 188;

update user_profiles
set first_name="Alexander", last_name="Prynkiewicz", profile_picture_url="data:image/jpeg;base64,/9j/4AAQSkZJRgABAQAAAQABAAD/2wCEAAkGBxISEhUSEhIVFRUXFRUWFRUVFxUVFRUVFRUXFxUVFRUYHSggGBolGxUVITEhJSkrLi4uFx8zODMtNygtLisBCgoKDg0OGhAQGy0dHx0tLS0tLSstLS0tLS0rKy0tLS0tLS0tLS0rLS0tLS0tLS0tLSstLS0tLS0tLS03LTctLv/AABEIAKwBJQMBIgACEQEDEQH/xAAcAAACAgMBAQAAAAAAAAAAAAAFBgMEAAECBwj/xABDEAABAwIDBQUEBwUIAgMAAAABAAIDBBEFITEGEkFRYSJxgZGxEzKhwQcjM0JicoIUUrLR8BUkNGNzkqLCU+FDs/H/xAAZAQADAQEBAAAAAAAAAAAAAAAAAQIDBAX/xAAjEQACAgICAgMBAQEAAAAAAAAAAQIRAyESMQRBEzJRIkIF/9oADAMBAAIRAxEAPwB1apWKJqmagCVi5r23ikH4H/wldMXUwuxw/CfQoA8kwQZN/Nb4JsLEq4IP/tTgQkJi/X/aFcxhd4n9ofBRxlAw7slTtfVMa8BzSHXB7k9TbKxHONzoz0Nx5FJGxh/vcf6vRerMTQClNgFSz3S2Qf7SqMrnR/aRvZ1IuPMJ/WOaDkU7AQ4ZWO0cCt1rLxSfkf8AwlNlVgsEnvRi/NvZPwSB9JdVHh8BEczvaygtjjdZ1gcnPPQfE+KVIVCpLidNSxN9sSXmJpYxh7RNuPId6SK7aiokJ3XmNvAR5HxdqULk3nuJJLidScyURocCmeOyw+SRootgioqHuN3Oc4nUuJJ8yoLlG6nZyoac4neWSyn2bmdqwgItBwl+A2kxCWI3jkc3uJt4jQpmw3bE5Cdm9ze3I+LdD4WQqo2clb90lUZsOkZq0otMfCS9Hp0W69u/G4Ob+803HceR6FaNwvOcGxmakk34nWzG+w+48Dg4eK9dwWWmr4hJGdx+QewEXa62YI5ciiiAOHLCilbgcjMwN4dP5IU9hGRSA4cFA8KYuUbkAcNC6AWMCkDUCOCFqylstEIERkLghSOKhQMwqMrsuUTpAgDCuStGUc1w6Uc0CNlYo/ahYgD1xqmaoWqZqoZKxSEZHuPoo2KUIA8jwj3nf63zKcikzDD25Ok3/Yp0shCYvYr9q7wUDSrGM/anw9FWYkMYNij/AHyLx9CvWWLyTYr/ABkXefQr1tiYEqxYFiAOZZA0FxNgASSdABqV86bSzvxbEHvjvumzYwfuxMy3jyubu/VZeqfS5jhp6P2TfeqCY78mWu/xIy8Uv/RjgwjpjUOHbmJt0jaSGjxNz4hTJ0jbDDk9keC7BwwsBeN53En5BG20DW5AWCMyPVKR4WDZ6Cil0UJqcW0Q+SBo4IpO9D5SpKSB88DeSGVVExwsQik5VRxU2VQp4psy1wJZqlrCMRko5g9pItk4abzeIXpUrgvO9qobTOI0NvRb4pN6OLyIJK0eu0WIzGNkoG8x4DgehXclTFJlI2x58VD9GkjpMOh7Ljul7LgE+682GXQhHqyhYWkvjIy1LXD42Wpw2LFTgzTnG4Hof5oNWUT2ai3p5ojQU735B1ju73epqGqe9vaAI65pFAOKF9tPipPZSdEa3s7ADyU8cd+iBC97CQ8vIrRpJOfwTOaYqN1OUALRoX8z6Ln+zz180wSU5VZ1OeaYAc4f/V1waAdEYdConxIGCzRjp5Lk04RB0SidGgRSMIWKwWLEDPSWqZqhaVI1yYidimaoWKZqAPI6HKWYcpv+5ToBkEmU+U9QOUp/jTo05BNEsXMbH1p7gqrVcxz7U9wVNqTKQd2MP98i7z6FeusXj+x5/vkP5vkV7AxAEqxYFiAPL/pyZeKmNr/WPF+R3dPH5Ji2ep92jp26WiZ/CFx9K1CZaBzhrE9kngDZ3wdfwXGHYg2Kghlk/wDEzLiTbIBRI6MLLMsF1RnislTENo6xxLo4HkcBYAW8dVQg2jrie1Ti19CcysWkdiyDa5ignbYLVPUOkbfd3TxCEY9iJY3dGqk1vRqsqmMF3EDvKDPxyL94HuKXqqldK68krjyAzJU8WF07RbdJPEk3dfuBv8FVRMXkk+gyysY/Nrrpf2qpuzvqcUjQQ6M27lYxtu9TuPEWRDUiMluLs9O+gqm3cLa6/vzTO7rO3Mv9l/FP8/uu7j6Lzr6MMVEOGU7A25tI4nq6V5+aOYhtI/2b7ADsnh0XTR51oA7M0DJJJ98e7CCLG1iQeSFUMFm26D0VyCsMT5t0kb0TG5flW6eKw8vQJUS8iB7m5noo4IZCCd+4DnCx4gKxu+/3fNSYcbwuJz94596cVZbIP2tzDYtOl+eXNWGVrXKGmcfa5n7oAuo6ymBJtkczllmji6sjmra/C84AqBzENELwxri8neF9V20HmkVRYkYohGTqLKKUZarT47W+scDbIXHzSbS7BtJWzt0HRROpSq5qmAt3pJRrve6bcrLVRI03dHO9wFhZwsbnVCkmRHLBvinslNKsVMvdzKxM1HB4HbIPu8ir1PE021zbfUoUZQBJuj7g880TpJM2f6f8ltJUjNMJQstorDVXiddWGrIs8lcLVVUP80/xJyj0HclCoFqyqH+YfUFOEeg7gmiWL+O/aHuCosRDHh9Z4BUGJMaDOyRtWQ/m+RXsLV47sx/i4fzj0XsTUDJVixYgCviNKJYpInaPY5h7nAj5pJo6QmlpmPGcbSHD8TSW/Ip9JS/V7rgS0WF3fFxufO58VGR6Ojx1/Qi4tWPc90MDS97WOeWtNgxjQe1I6xtcizWgXNr5DNJVNi0zpXj9wgEtfvtdmPcuATrw5HVemzYJEwl7AWvNy54cQ5x5kjNB4cALn30HwWNqqOtRld3oM4JH2AXZ3F/hok3atoL8uafdwRx2AytYJBx0EvJUtUbVpgumpIwQXZtsQ4AlrrkW1toNbceKENwKznu7BDm7oDWhgaez2rDjkfPVM1AA4K6aQcAnza6MnhT2xZw+ikbk5291OvirlXBeKRvNjrd9iQi74Q0KjIb37j6KU9jlHQxbG1ETYI6YH6xkYBvbtHVxb0uTqi2KNtBJztbzSJgFOTWwuadSSSOI3Te6fsdH1J7wPM2XZim5LZ5vk4Vjmq9oD1Mfal6Bo/4hEY25H+uCDY+57XSlhsN4AjnoFZoKiQNG/mTqnZxyWzQ92U9B8XKWnZan72n4lcbv1Mx/L6q3Iy1OwfhaPmrxdM1m6aB9I28v+0KPEpLF9uTlNhLCZv1D4C6r12b3D83qurHBPgjmm65nVULMjHJjfioWq1jQs4DkAPgq8YXHk+zOyPSIZ0Lx19nt/KPNFqgZhAtoJAJe4D0WOTo4v+g38LoGSvPNXaAdgdXH4BV5YrxmTe04W621VjCc2M/UfiphCji8CElkUn+F4hbXZCxantlwzHO51Cv0lfZ7SdALIW3uU8QzXQ8hzqxqhrwBckKxHibOYS1DJbXRSF8ZzsfA2Wdo0sVqp39+qurr/wAKcoPdHcEkzf4ye3HP/i1O1N7o7gkMB499p+kKhGUR2hHb/SEBqqcuAtqCCFD7HYx7PPAqYT+ML1J+MwNNnStB715HQvzblYg3uicl73JurirIlkUT0qLH6dxsJRfxUv8AbEOfbGS83pb3yRFjiE5KKJ+UN4ltHv70bW2By3uOeSg2dBFKwHUF4/5uQ1spJtYDwRnDXAsIGoOfj/RWOSPs6vD8h28b97RHKwnuVKecNRKtbklyaUbxJOQWD0etCqtl3Ecep49yB8jQ9wBz43SFtFibWPINwM9ASeuQU+O4kN76ptyOOZ0CE1tXJLECGdvjYKqvsjmlpFmlmDXsLTk4X4jLnY6Jjj0uEgUdW6Nx9o0g87evxTNh2LscN3eF1LTHHJFk+ISqjGVNVuuVHE3MDmQPNShTZf2MpT7Xe/cafNxyHkCm3GWkwi/GRnqFHgmGiBlr3cTcnryHRWsSF2xj/NZ6hdcFxVHkZ8qy5G10LeOZ+06y/wDZFomdgdyqYm28emtQc/Eogxv1fgqowW3ZQe21PJ1e0fAq/Wx2jYOQ9Ah5EhjtZti8cTrb0RHFHygAGNos06Pv8leLpmk3tAbA3H29urifAWUMucjh19XBWcIldG531Jd1Bblc9VRjqXftDfq3dqQDdyJOdyF2QdKL/Ecc3fJX7Lu0OUhH4iPgq0bxpcaX8FFtHibS8mzmneOTholbE6x++SwggtAvp1OvVcEns7l0Ms8oJBvxt5apb2gLjK51gRvWHPy5IaaqY7reA6jiup5ZTqL27lDMfIxfLGizI937LunUuJ+KIYT7kf5fUlCvZucxt3Aa3v3otRkAAXGTQqSDFjUC+VijLuqxOjey/CwEG1yAbEiysCNoy7XmCgceIxNadBbQXJufNSsxUu93dHh8yq4Mx5RDjWsOXaHkVIPZtNnPsQbWIt80LpcUBsLuueQDkRFMXDeYGOvzA+RUtNFJpixXNtXTD8It/sCc6T3G9wSbWMcKyQOtvbrb2091OND7je4eiEME7QjtD8o9UI3wMybBGdoh2h+X5oQApYFzDZ4t9u89oF880TfFmd0hw4EEINT0kb5GBwaLki5yGnFdTUbBIWt4H7pNu8K4JvRhmcY7YyUsZA0Pkr9O/hr3pWpt5vuvkH6j6IhFWzae1d4tCuWGZisuOS7oMPfYohhM1nW5j4oHHUTWzdE7vbYqwyqlAv7OM2zuHEaKJRftG2GUeSkpXQwVBuHdF5piUxlqTGXbsTffN+Ou6vRmOubkW3m6HhcXS/Ps7E97g9oc117gjLNcb0z31UkgVRSbx9lRwlzRcucLZ2te7j3jIZ9FJiWA1ocWgMAGZIfkc+gUzdlo6cEROkY3M2jkewZjM2BtfIeSG1khH/yzOOlzK8nrxVfydCU/8tJC9jcj4biZrSbDK4c43uBZup0Q7DqD2h32tcwjS+hHdwRb9jDjcBoHS1/EohTNDApbXoynC+3ZBI2xA5aqbDot+ZgHMHwGZVeeUEko5sTDvPlkI92MAd7nD5ApwVs5s86gxu3dOGSjnbcxD/MHwUpl5Cyja4mSO/71/gV1ng43/QIrBeFnWZxV/d+r/SqdU36uH87yiDm/VfpQzoiUg2zWdXq/jx1/J80NpH9to6onjx7XQj5hPH0yZt6BWHsI3/0j4oVhl3V8beDXuPqmKOa7A1sLve7UmVjbkOKFYTBatMjg5o7drjmF0PKnFHMsX9bA2PUj3SuI03ie5L9bSSB3u3CbK6bMnqUMllBXEejHoX46B7gSIyQDrbLzXNRRhptYJ0p5WNpmtcbbzj1zJS/itOGvcS4anT5c1SVhJ0DnxNDWgcs/ErHhrSoqiqHDL1VN9UrjaOeWRFwvWlRFV0KxPiR8gxUtDEx2gI6i4VuVoA3RkOirEE6KzuqU3ZSeqBWJPc0izjpzVnDJC8Z8NFvFIBvZqKOw0XZFriebkbWTs0zKpP5R6FPWG/Zt7gkGn/xHewf9k+4Wfq29wXHL7Hq43ZQ2jHaH5fmg7QjO0Yzafwn1QhgUM1Mfq3v+RVlrbZqu8Zs/N8ir8cBIuAtsP2RweY3WjVK9MNBgM8rA9rRunMXIHwQARkcCmakxT2cbR2ndhotfIa6LvyYn6PK8XKm3z6Rp2zFSO0dzLPJ2amioXFjgRbJW6Wcmzj5ckRkntHvWvYjLxXFOTuj0sMYRdx9nVXh5Aa4a7rAB3DNDJJBvj+s+PzVqfGC9xAyAtbnpndL+10ErG+3hBdb7Rg1LB95v4hy4juC5MkVZ7fh5btLpBOubvNI5heZ4tQOY+2+SLnM69+SOUe1jHRglwzBHl8lRfjbd5xI0yz6fJZqLR2SnGRqhoWtFtOOaG45XNbdrT/JV8Wx8WJGVxkB3nMpXD31Em6NOJQoe2RPKq4xGCkqd/IeadNj3PDJd3S7AfHet6JToaQMbZMezeJMgMgffdcGnIEm7CTYAa5E+SINciM0W8bGYVbwc2jyKjGJWeHWGV8rniOoXeCV8VcSKeRl2+8112yN74zZwRxmzrR7znO+A8lvZ5ix72qFyrq2OawDIt3r3ItmV3/al2boF8rZJqdRxtFtxvkEMqcKgdrE0dwt6IuyrSYpmq3XA2ORB0PNHK+WCcC0lrcLhRVWDRcC8dzz80LnwUcJXeIa75JpNETcWMMUxjhDGu3gCeuqoPrtxrnuHEDzNgl2XCJgOzK23UFvoVSkp6n3d8EX4OcBlpqlTMuCvsNYqAQy1rDXqShdYYw2wsCqdV+1NaS43AFzYjgqTad7rOkNzy4DwS4s6IzSLMlS7cDQd63HQIXUNkJJOZ71deyyryFaRRhmm29AqWN3JVXA8iisjlEVqkcvJlGnjvdbRzDmANNxxWKXLZvHHasKRtz1U0ZVUHMKeE5rNFLsixjIlUaR2eZRevj3r5XQR7SDYiy6sck40eb5eOSyckTNA/aW2P3P5p4wr7NnckSCMidlxa7L94uU9YR9k3uXNLs9fF9EVdohm3uPqg8bUb2hHudxQmJqhmtHL25s/MPQo5htg4X0vmg9TluH8Q9CiFHKSQOqqLOPP9kM8ro2jstDupQ+JjSTYcV06NzdQQhOM7RQ0w7Zu61wxtt7pfkO9afLP9IlihLSQbe91wBoF3jG0VPTQBssg33DJg7TznrYaDqbLyrFduamW+4fZM5Mzd4vOflZLUkznDfcSSXZkkknLiT3pNlYPDcJOUndnqWH7TmoqWRxAsZaSR5Nt5wjYXBg5XcGg9L6J/qHheCbL4k2Gqgkf7gfuyf6cgMb79AHX8F7ZC4mMb3vC7X/nZ2XeZFx0IWGVWez4qjFUjznbTZFxe6eksLm74tM+LmHQE8RkOKS5KSs39wxv3tbWtl36cQvaag5obWxDWyhSZrPEm7PLmbPynOV1hybmfNF8PomxizQmKopgohR2USbYRgo9FDeXIed4f1wPT+uilnZZV2uAJccg0Ek8BbMk+CSQ5SFzaCrfFViSJ7o3ta0h7CWuDs87jpZFsJ+k3EoXXdOJm8WzNDsuNnNs4HxPclKvqfayPk/ecSO7QfCyhC6lHRxSds952c+kulq7NlIp5f3XuG478kmQ8DY96PzzE6HLmF8zovgm0dVSH6mUhvGN3ajP6Tp4WKdGEsf4e5vaUOrH2e1tyMicuNlQ2W2whrBuOtHPxjJyd1jJ17tR11Vmts6Xo0EeKpHNJcds6e6+ufeqUr+1ZWGuVBzu0VpxOflZHiz7RP8AylUHKxirvqyOZaPNwVWd2ZUvo06K8pVOYqWoksqUk4TUDOc10cOK0zMgLRN1LDHmCqekPHFyZZYbCyxRuKxc9noKNIJzAgqaIhXanDnvaS1pyz//ABEcP2bJF3m1+HFCZHxOwVN/XkpII3ki0d7cwLfFMFBgmbt62TsuNwigonDQDwyTTop4rZ59izHCqi3wATHoOW8U04L9m3uQXbJhbVwb3/jP8SM4GfqmobLSrRHj4yb4/JCogiu0bg1rCeqXf2/kPNQxlyuGTfzD0KymqCxwdcCxuSeA4m6DYpiJa0Fx0Nw3nYFLFVickx7Rs3g0aePM96pGGXC8jXof8d28DY92AlzrWMjh2f0g6nqRbvXmVVUOkcS4kkm5JzJ7ysqJb5cFEFZtCCh0ZI7QKQ+4O8qu91ypnnJqRZtnIr1XYzaUyRsEhuSPZPJOftIwBG79ce4D+JhPErylFtmq0Mm3Xe7JZpztZ33HX4ZkjpvE8EpKy4S4uz1+rVCSS6XYtsjE4wVjDvNtuysGT2EXY9zNWkjW1xcHIKx/bcL82SsN/wAQB8QTcLHgzr+SLCLI945Lusi3WqvS4lEwXdJGBzL2j5objG2FIMmvMjuAjBdc8AHe6T4pOIc17ZxO3M/1/RSdj+LhwMUR7Jyc4XzA+6Ol734K/tFjREYjA3Xvb2hfNjD14k5fE8kpWWkIV2c2TJfRgW1iwLQxMAXS0toA6a639ceaY8G2unhIDz7VmlnHtAdH6nxullbBRYpQUlTPWcMxqGoH1brOtcsdk8eHEdRdSBpJyXkschBBBIIzBBIIPMEaJz2e2ty3JznoHge9+Yc1TmzlfjJPXQcxSMhgv++z1UD2KpjmMCQxtjOW8CcuIuomySdVNtlcUjU7m3sVXdCFY9jfVY9gAVqVGMsSbKDAMjwurkruSyjaNwePquJTmolKzpx41EjJWLkrFBtR69dStVGqr4ohd7w3pfPyQWu2zjblG0u6uyHkmMbowoKzGIIffkaOgNz5Bedy4/VVJ3Y991+DBZviVPR7IzyHemeGDkM3eaVjItrscjqJo5GAgMaW9rV1zfIIzsnibZGbliC3noe5SM2Xp47ENu4fedmVdp6RrTkEWKipteR7NveUlTVQYL8SbAcza/pmn3FtxsTnye60X69w6nTxXlFfWF8r3HKwsGjRodo0eHHndNKxUQYlUlxJJ5AevoCh++u6t2Xj6D/2oAqGdErAuV0xAHA1U79AoWqRxQI6aVpwWgsKBjE9hraUObnPADvfvPaAS7vLhZw/E144hLFwVdwuu9jIH3IabB9tQ24O8BzaQHDu6q7tNhXs3e2Zbcec903a17ruBYf/ABuGbeVnN+6gAGQEaw6lFOw1EzTvC3sm6dogkA8nHI5e625OZbbjCcOBtLJYMzc0OF2lrfekeDrEDYW+8SG8SqmLV5mffRguGA62Ju5zvxOOZ8BoAgCrNK57i9xu5xuT/IcB0XK2tIEaKwLFooA2sWLVkAdLSwLd0AaKxjlp60EAN2BVTJGsaWgSNcbni5u7k75H/wBo64Lz+hq3RPD26j4jiE+Qyh7Q8aOAI8UjGapkVVMGC50vwW3RgjPiqmNe4BzcESt6JMUUDjFuCwJtyULirFQblVykbJHBWLZWIKC1LgtTMbu7APF2ZPgj2HbJQtzkvIeunkjzQuggZ3TwMYLNaAOQACmuoWrtIDiYqNi3IuWIAU9t8Su9lM06D2kn8LG/He8AvN2y7xc794k+Zujs07n1FRI43dvOHhv7oHgGgeCXIVqkSdT8PFRBSzaDxUQSA2ttWBbYgZyxbWNWigR2suuViYHEjwNSAmTZuuZLBPDL2mwU0krRcWfG17CYXdznB7CMwd4aEhDMG2lnoHOkg3TvANcyRu+xwvkSOYubEEalelfRrtjPX/tXt44B7KIPZuR2zO9rcm47ISA852krgJpYN8ENkLXOybv+z7LGhoybG2xs3mSdUKsmrEPpQrXOkhDKdl3OZ7RsX1gFyN4EuI3utkqhAGli2VpAGlqy2sQBqyxbWigDCVq6xaCANvXK6euSgDsFNuyNWXMdGfu5judqPA+qUAjOyshFSwD7wcD3bpPq0JCkrQwY8DZtgbAgmw5Ky2qDm3HLuRKQZIZUDNSJQorlROUqicgs4IWLHLEAf//Z"
where user_id= 197;

INSERT INTO weight_logs (user_id, weight, log_date) VALUES
-- User 7 (Weight Loss Goal: 210 -> 201)
(7, 210, '2026-04-01 08:00:00'), (7, 210, '2026-04-02 08:00:00'), (7, 209, '2026-04-03 08:00:00'),
(7, 209, '2026-04-04 08:00:00'), (7, 208, '2026-04-05 08:00:00'), (7, 208, '2026-04-06 08:00:00'),
(7, 208, '2026-04-07 08:00:00'), (7, 207, '2026-04-08 08:00:00'), (7, 207, '2026-04-09 08:00:00'),
(7, 206, '2026-04-10 08:00:00'), (7, 206, '2026-04-11 08:00:00'), (7, 206, '2026-04-12 08:00:00'),
(7, 205, '2026-04-13 08:00:00'), (7, 205, '2026-04-14 08:00:00'), (7, 205, '2026-04-15 08:00:00'),
(7, 204, '2026-04-16 08:00:00'), (7, 204, '2026-04-17 08:00:00'), (7, 204, '2026-04-18 08:00:00'),
(7, 203, '2026-04-19 08:00:00'), (7, 203, '2026-04-20 08:00:00'), (7, 203, '2026-04-21 08:00:00'),
(7, 202, '2026-04-22 08:00:00'), (7, 202, '2026-04-23 08:00:00'), (7, 202, '2026-04-24 08:00:00'),
(7, 201, '2026-04-25 08:00:00'), (7, 201, '2026-04-26 08:00:00'), (7, 201, '2026-04-27 08:00:00'),
(7, 201, '2026-04-28 08:00:00'), (7, 201, '2026-04-29 08:00:00'), (7, 201, '2026-04-30 08:00:00'),

-- User 16 (Maintenance/Bulk Goal: 185 -> 188)
(16, 185, '2026-04-01 08:00:00'), (16, 185, '2026-04-02 08:00:00'), (16, 185, '2026-04-03 08:00:00'),
(16, 185, '2026-04-04 08:00:00'), (16, 186, '2026-04-05 08:00:00'), (16, 186, '2026-04-06 08:00:00'),
(16, 186, '2026-04-07 08:00:00'), (16, 186, '2026-04-08 08:00:00'), (16, 186, '2026-04-09 08:00:00'),
(16, 186, '2026-04-10 08:00:00'), (16, 186, '2026-04-11 08:00:00'), (16, 187, '2026-04-12 08:00:00'),
(16, 187, '2026-04-13 08:00:00'), (16, 187, '2026-04-14 08:00:00'), (16, 187, '2026-04-15 08:00:00'),
(16, 187, '2026-04-16 08:00:00'), (16, 187, '2026-04-17 08:00:00'), (16, 187, '2026-04-18 08:00:00'),
(16, 188, '2026-04-19 08:00:00'), (16, 188, '2026-04-20 08:00:00'), (16, 188, '2026-04-21 08:00:00'),
(16, 188, '2026-04-22 08:00:00'), (16, 188, '2026-04-23 08:00:00'), (16, 188, '2026-04-24 08:00:00'),
(16, 188, '2026-04-25 08:00:00'), (16, 188, '2026-04-26 08:00:00'), (16, 188, '2026-04-27 08:00:00'),
(16, 188, '2026-04-28 08:00:00'), (16, 188, '2026-04-29 08:00:00'), (16, 188, '2026-04-30 08:00:00');

INSERT INTO Progress_Pictures (user_id, image_url, create_date) VALUES
-- User 7: 8 Months of Progress
(7, 'http://127.0.0.1:5000/static/progress/7-1.png', '2025-09-19 09:00:00'),
(7, 'http://127.0.0.1:5000/static/progress/7-2.png', '2025-10-19 09:00:00'),
(7, 'http://127.0.0.1:5000/static/progress/7-3.png', '2025-11-19 09:00:00'),
(7, 'http://127.0.0.1:5000/static/progress/7-4.png', '2025-12-19 09:00:00'),
(7, 'http://127.0.0.1:5000/static/progress/7-5.png', '2026-01-19 09:00:00'),
(7, 'http://127.0.0.1:5000/static/progress/7-6.png', '2026-02-19 09:00:00'),
(7, 'http://127.0.0.1:5000/static/progress/7-7.png', '2026-03-19 09:00:00'),
(7, 'http://127.0.0.1:5000/static/progress/7-8.png', '2026-04-19 09:00:00'),

-- User 16: 8 Months of Progress
(16, 'http://127.0.0.1:5000/static/progress/7-1.png', '2025-09-19 10:00:00'),
(16, 'http://127.0.0.1:5000/static/progress/7-2.png', '2025-10-19 10:00:00'),
(16, 'http://127.0.0.1:5000/static/progress/7-3.png', '2025-11-19 10:00:00'),
(16, 'http://127.0.0.1:5000/static/progress/7-4.png', '2025-12-19 10:00:00'),
(16, 'http://127.0.0.1:5000/static/progress/7-5.png', '2026-01-19 10:00:00'),
(16, 'http://127.0.0.1:5000/static/progress/7-6.png', '2026-02-19 10:00:00'),
(16, 'http://127.0.0.1:5000/static/progress/7-7.png', '2026-03-19 10:00:00'),
(16, 'http://127.0.0.1:5000/static/progress/7-8.png', '2026-04-19 10:00:00');